90001,0,beacon
90002,0,beacon
90003,0,beacon
90004,0,beacon
40001,3,TSB
90005,10,beacon
90006,26,beacon
90007,28,beacon
90008,30,beacon
90009,30,beacon
90010,30,beacon
90011,30,beacon
90012,31,beacon
60001,32,GBC
90013,33,beacon
90014,40,beacon
90015,53,beacon
90016,53,beacon
90017,54,beacon
90018,56,beacon
90019,57,beacon
90020,60,beacon
90021,60,beacon
90022,60,beacon
90023,61,beacon
90024,62,beacon
90025,62,beacon
90026,75,beacon
90027,80,beacon
80001,81,SHB
90028,82,beacon
90029,83,beacon
40005,83,TSB
90030,84,beacon
90031,85,beacon
90032,86,beacon
90033,88,beacon
90034,90,beacon
90035,92,beacon
10001,92,GUC
90036,95,beacon
90037,102,beacon
10002,102,GUC
40012,106,TSB
90038,107,beacon
90039,109,beacon
90040,111,beacon
10003,112,GUC
90041,113,beacon
90042,113,beacon
90043,114,beacon
10004,114,GUC
90044,118,beacon
90045,119,beacon
90046,119,beacon
90047,119,beacon
10005,122,GUC
90048,124,beacon
10006,124,GUC
60014,126,GBC
60016,126,GBC
10007,132,GUC
90049,134,beacon
90050,134,beacon
90051,135,beacon
50001,139,GAC
90052,140,beacon
40018,141,TSB
90053,142,beacon
90054,143,beacon
90055,143,beacon
10008,143,GUC
90056,145,beacon
90057,146,beacon
90058,146,beacon
80002,149,SHB
90059,153,beacon
90060,159,beacon
90061,160,beacon
90062,160,beacon
50016,162,GAC
90063,167,beacon
60037,167,GBC
90064,169,beacon
10009,169,GUC
90065,170,beacon
90066,174,beacon
90067,175,beacon
90068,175,beacon
90069,180,beacon
90070,180,beacon
90071,182,beacon
90072,184,beacon
90073,184,beacon
60039,187,GBC
90074,188,beacon
80003,189,SHB
90075,190,beacon
90076,195,beacon
90077,197,beacon
90078,199,beacon
90079,200,beacon
90080,202,beacon
10010,205,GUC
10011,206,GUC
90081,208,beacon
40026,210,TSB
90082,211,beacon
10012,211,GUC
90083,212,beacon
90084,215,beacon
90085,216,beacon
90086,216,beacon
90087,219,beacon
90088,225,beacon
90089,226,beacon
80004,227,SHB
90090,228,beacon
90091,229,beacon
90092,232,beacon
90093,234,beacon
40031,235,TSB
90094,240,beacon
90095,242,beacon
40034,243,TSB
90096,244,beacon
90097,245,beacon
90098,247,beacon
90099,247,beacon
90100,250,beacon
90101,252,beacon
90102,256,beacon
90103,260,beacon
90104,266,beacon
40039,266,TSB
90105,269,beacon
90106,269,beacon
50019,272,GAC
90107,273,beacon
90108,275,beacon
90109,276,beacon
90110,277,beacon
90111,278,beacon
40047,278,TSB
90112,282,beacon
90113,283,beacon
10013,284,GUC
60049,286,GBC
80005,289,SHB
80006,290,SHB
90114,293,beacon
90115,295,beacon
10014,295,GUC
10015,297,GUC
90116,299,beacon
80007,299,SHB
10016,300,GUC
90117,302,beacon
90118,306,beacon
90119,309,beacon
90120,312,beacon
10017,314,GUC
90121,316,beacon
90122,317,beacon
90123,318,beacon
90124,319,beacon
10018,320,GUC
50024,322,GAC
90125,326,beacon
90126,329,beacon
90127,333,beacon
90128,333,beacon
90129,337,beacon
90130,337,beacon
90131,338,beacon
90132,343,beacon
90133,343,beacon
40054,348,TSB
90134,353,beacon
90135,354,beacon
90136,358,beacon
90137,360,beacon
90138,360,beacon
90139,360,beacon
90140,360,beacon
90141,360,beacon
90142,362,beacon
90143,363,beacon
90144,363,beacon
90145,366,beacon
90146,370,beacon
90147,370,beacon
90148,375,beacon
90149,378,beacon
90150,384,beacon
90151,386,beacon
90152,388,beacon
90153,390,beacon
90154,390,beacon
90155,390,beacon
90156,390,beacon
90157,391,beacon
90158,391,beacon
90159,392,beacon
10019,394,GUC
20001,394,LS Request
90160,395,beacon
60060,395,GBC
30001,395,LS Reply
60062,396,GBC
90161,397,beacon
90162,398,beacon
90163,400,beacon
90164,401,beacon
10020,401,GUC
90165,402,beacon
90166,402,beacon
90167,405,beacon
90168,406,beacon
60066,407,GBC
90169,413,beacon
90170,414,beacon
90171,415,beacon
10021,416,GUC
20014,416,LS Request
90172,417,beacon
30002,417,LS Reply
90173,418,beacon
90174,418,beacon
90175,420,beacon
90176,420,beacon
90177,420,beacon
90178,421,beacon
90179,421,beacon
90180,422,beacon
90181,422,beacon
90182,426,beacon
90183,426,beacon
90184,427,beacon
90185,429,beacon
80008,429,SHB
90186,432,beacon
90187,432,beacon
10022,432,GUC
10023,432,GUC
90188,433,beacon
90189,434,beacon
90190,442,beacon
90191,442,beacon
90192,444,beacon
90193,445,beacon
90194,452,beacon
90195,452,beacon
90196,452,beacon
90197,452,beacon
90198,452,beacon
90199,454,beacon
90200,454,beacon
90201,455,beacon
10024,455,GUC
10025,455,GUC
10026,455,GUC
90202,458,beacon
90203,458,beacon
90204,460,beacon
90205,461,beacon
90206,462,beacon
40057,463,TSB
10027,463,GUC
10028,464,GUC
90207,465,beacon
90208,466,beacon
90209,467,beacon
90210,476,beacon
90211,476,beacon
90212,476,beacon
90213,477,beacon
60068,477,GBC
10029,477,GUC
90214,479,beacon
90215,479,beacon
60079,480,GBC
40063,480,TSB
90216,482,beacon
90217,485,beacon
90218,486,beacon
90219,487,beacon
90220,487,beacon
90221,487,beacon
10030,487,GUC
90222,488,beacon
90223,490,beacon
90224,490,beacon
90225,490,beacon
90226,491,beacon
90227,493,beacon
40069,495,TSB
90228,496,beacon
10031,497,GUC
40076,498,TSB
90229,499,beacon
10032,503,GUC
90230,504,beacon
90231,505,beacon
90232,505,beacon
90233,508,beacon
90234,510,beacon
90235,510,beacon
90236,513,beacon
90237,515,beacon
90238,515,beacon
90239,516,beacon
10033,517,GUC
90240,520,beacon
90241,521,beacon
90242,521,beacon
90243,523,beacon
90244,523,beacon
90245,525,beacon
90246,529,beacon
10034,530,GUC
90247,532,beacon
90248,533,beacon
90249,534,beacon
80009,534,SHB
90250,535,beacon
90251,537,beacon
80010,538,SHB
90252,540,beacon
90253,540,beacon
10035,542,GUC
90254,544,beacon
90255,545,beacon
90256,548,beacon
80011,548,SHB
90257,549,beacon
90258,550,beacon
10036,551,GUC
90259,552,beacon
90260,552,beacon
10037,552,GUC
90261,554,beacon
90262,554,beacon
90263,557,beacon
90264,558,beacon
80012,559,SHB
10038,565,GUC
90265,569,beacon
90266,570,beacon
90267,570,beacon
90268,571,beacon
10039,571,GUC
90269,572,beacon
80013,573,SHB
80014,573,SHB
90270,575,beacon
80015,575,SHB
90271,576,beacon
90272,576,beacon
80016,577,SHB
90273,578,beacon
90274,579,beacon
90275,581,beacon
10040,583,GUC
90276,584,beacon
90277,584,beacon
90278,584,beacon
90279,585,beacon
90280,589,beacon
40080,591,TSB
40081,591,TSB
90281,592,beacon
80017,595,SHB
90282,599,beacon
90283,599,beacon
10041,599,GUC
90284,600,beacon
90285,602,beacon
90286,602,beacon
90287,606,beacon
90288,609,beacon
90289,609,beacon
90290,610,beacon
90291,610,beacon
90292,612,beacon
40093,612,TSB
90293,614,beacon
10042,615,GUC
90294,617,beacon
90295,618,beacon
90296,618,beacon
10043,618,GUC
90297,619,beacon
90298,623,beacon
90299,625,beacon
80018,625,SHB
90300,626,beacon
90301,630,beacon
90302,631,beacon
90303,634,beacon
90304,634,beacon
90305,634,beacon
90306,635,beacon
90307,640,beacon
90308,642,beacon
10044,643,GUC
90309,644,beacon
90310,645,beacon
90311,648,beacon
90312,650,beacon
90313,650,beacon
90314,651,beacon
40099,651,TSB
10045,653,GUC
90315,654,beacon
90316,656,beacon
90317,658,beacon
90318,659,beacon
90319,660,beacon
90320,661,beacon
90321,661,beacon
90322,661,beacon
60083,662,GBC
90323,668,beacon
90324,669,beacon
90325,670,beacon
10046,671,GUC
90326,673,beacon
90327,673,beacon
90328,674,beacon
80019,675,SHB
90329,676,beacon
10047,676,GUC
40102,676,TSB
90330,678,beacon
90331,679,beacon
90332,680,beacon
90333,683,beacon
90334,683,beacon
90335,688,beacon
60085,688,GBC
90336,690,beacon
90337,694,beacon
90338,694,beacon
90339,697,beacon
90340,697,beacon
90341,699,beacon
10048,700,GUC
80020,700,SHB
90342,701,beacon
90343,701,beacon
90344,702,beacon
90345,705,beacon
90346,706,beacon
90347,707,beacon
90348,708,beacon
90349,709,beacon
90350,709,beacon
90351,709,beacon
90352,710,beacon
50027,711,GAC
10049,713,GUC
90353,719,beacon
90354,720,beacon
90355,720,beacon
90356,720,beacon
90357,720,beacon
90358,720,beacon
90359,722,beacon
80021,722,SHB
10050,723,GUC
90360,724,beacon
90361,726,beacon
80022,727,SHB
40108,727,TSB
60087,728,GBC
90362,729,beacon
90363,730,beacon
90364,730,beacon
80023,730,SHB
90365,731,beacon
10051,731,GUC
90366,732,beacon
90367,734,beacon
90368,735,beacon
90369,736,beacon
90370,739,beacon
90371,740,beacon
90372,741,beacon
90373,743,beacon
90374,744,beacon
90375,745,beacon
90376,746,beacon
90377,749,beacon
10052,749,GUC
90378,750,beacon
90379,750,beacon
90380,751,beacon
90381,752,beacon
90382,753,beacon
90383,753,beacon
90384,753,beacon
90385,754,beacon
90386,756,beacon
90387,756,beacon
90388,757,beacon
10053,759,GUC
20026,759,LS Request
90389,760,beacon
90390,760,beacon
90391,760,beacon
90392,761,beacon
90393,761,beacon
30003,761,LS Reply
90394,766,beacon
40115,766,TSB
90395,767,beacon
10054,767,GUC
90396,768,beacon
90397,768,beacon
80024,768,SHB
40121,768,TSB
90398,769,beacon
90399,769,beacon
90400,770,beacon
90401,771,beacon
90402,771,beacon
90403,775,beacon
90404,778,beacon
80025,778,SHB
90405,779,beacon
90406,780,beacon
90407,780,beacon
90408,780,beacon
90409,781,beacon
90410,781,beacon
90411,781,beacon
50030,781,GAC
90412,783,beacon
90413,783,beacon
90414,783,beacon
90415,784,beacon
90416,785,beacon
90417,788,beacon
90418,789,beacon
90419,789,beacon
90420,790,beacon
80026,790,SHB
10055,790,GUC
10056,792,GUC
90421,793,beacon
90422,796,beacon
10057,796,GUC
90423,797,beacon
90424,797,beacon
90425,799,beacon
90426,799,beacon
90427,799,beacon
90428,799,beacon
90429,801,beacon
90430,801,beacon
10058,802,GUC
90431,804,beacon
40141,804,TSB
90432,806,beacon
80027,806,SHB
80028,807,SHB
90433,808,beacon
90434,808,beacon
90435,809,beacon
90436,809,beacon
10059,809,GUC
90437,810,beacon
90438,812,beacon
90439,813,beacon
90440,813,beacon
10060,814,GUC
90441,816,beacon
90442,817,beacon
90443,818,beacon
90444,819,beacon
90445,819,beacon
90446,819,beacon
90447,820,beacon
90448,820,beacon
40145,823,TSB
90449,824,beacon
90450,826,beacon
90451,826,beacon
90452,827,beacon
80029,827,SHB
90453,828,beacon
90454,828,beacon
90455,829,beacon
90456,829,beacon
90457,830,beacon
90458,831,beacon
90459,833,beacon
90460,834,beacon
90461,835,beacon
90462,835,beacon
90463,835,beacon
90464,836,beacon
90465,837,beacon
90466,839,beacon
90467,841,beacon
90468,843,beacon
10061,843,GUC
90469,845,beacon
90470,845,beacon
90471,846,beacon
90472,847,beacon
90473,848,beacon
40155,848,TSB
90474,849,beacon
90475,850,beacon
80030,850,SHB
10062,853,GUC
90476,854,beacon
50033,854,GAC
90477,855,beacon
90478,856,beacon
90479,858,beacon
10063,858,GUC
90480,859,beacon
90481,860,beacon
90482,860,beacon
80031,861,SHB
90483,862,beacon
90484,862,beacon
60098,862,GBC
90485,863,beacon
90486,863,beacon
90487,863,beacon
90488,865,beacon
80032,865,SHB
90489,866,beacon
90490,866,beacon
90491,867,beacon
40163,867,TSB
80033,867,SHB
90492,868,beacon
90493,869,beacon
80034,869,SHB
90494,870,beacon
90495,871,beacon
10064,871,GUC
90496,873,beacon
10065,875,GUC
90497,876,beacon
90498,876,beacon
50036,877,GAC
90499,878,beacon
90500,879,beacon
90501,879,beacon
90502,880,beacon
80035,882,SHB
90503,883,beacon
90504,884,beacon
10066,885,GUC
90505,887,beacon
90506,888,beacon
90507,889,beacon
50039,889,GAC
90508,891,beacon
90509,892,beacon
90510,892,beacon
90511,892,beacon
10067,892,GUC
90512,893,beacon
90513,893,beacon
10068,894,GUC
40167,894,TSB
90514,895,beacon
90515,896,beacon
90516,897,beacon
90517,897,beacon
90518,898,beacon
90519,898,beacon
90520,900,beacon
90521,900,beacon
90522,900,beacon
90523,901,beacon
40176,901,TSB
90524,902,beacon
90525,902,beacon
90526,902,beacon
90527,903,beacon
90528,905,beacon
90529,907,beacon
40184,909,TSB
90530,910,beacon
40185,910,TSB
90531,911,beacon
10069,911,GUC
90532,912,beacon
90533,913,beacon
90534,914,beacon
40194,915,TSB
90535,916,beacon
90536,916,beacon
90537,917,beacon
90538,917,beacon
90539,919,beacon
60100,920,GBC
40207,921,TSB
90540,922,beacon
80036,922,SHB
90541,923,beacon
90542,924,beacon
10070,925,GUC
90543,926,beacon
90544,927,beacon
90545,927,beacon
90546,927,beacon
60121,928,GBC
90547,929,beacon
90548,929,beacon
40210,929,TSB
10071,930,GUC
60123,930,GBC
90549,931,beacon
90550,931,beacon
90551,931,beacon
10072,931,GUC
90552,933,beacon
90553,933,beacon
90554,933,beacon
90555,934,beacon
90556,934,beacon
80037,934,SHB
90557,935,beacon
90558,938,beacon
90559,938,beacon
10073,938,GUC
90560,940,beacon
90561,941,beacon
90562,941,beacon
40215,941,TSB
90563,943,beacon
90564,943,beacon
10074,944,GUC
90565,946,beacon
10075,946,GUC
90566,947,beacon
90567,950,beacon
90568,950,beacon
90569,953,beacon
90570,955,beacon
90571,955,beacon
90572,956,beacon
90573,956,beacon
10076,957,GUC
90574,958,beacon
60130,958,GBC
90575,960,beacon
90576,960,beacon
90577,961,beacon
80038,961,SHB
90578,962,beacon
90579,962,beacon
90580,962,beacon
90581,963,beacon
90582,963,beacon
90583,964,beacon
90584,964,beacon
90585,964,beacon
90586,965,beacon
90587,965,beacon
50044,965,GAC
90588,968,beacon
40218,969,TSB
90589,970,beacon
90590,970,beacon
90591,970,beacon
10077,971,GUC
90592,972,beacon
90593,973,beacon
80039,973,SHB
90594,978,beacon
90595,979,beacon
90596,979,beacon
90597,980,beacon
90598,980,beacon
90599,980,beacon
90600,982,beacon
80040,983,SHB
10078,984,GUC
40221,986,TSB
90601,987,beacon
90602,987,beacon
10079,987,GUC
90603,988,beacon
90604,988,beacon
90605,988,beacon
90606,990,beacon
90607,991,beacon
90608,991,beacon
40233,992,TSB
90609,993,beacon
90610,994,beacon
80041,995,SHB
90611,996,beacon
90612,997,beacon
90613,997,beacon
90614,1000,beacon
90615,1000,beacon
50047,1002,GAC
90616,1004,beacon
10080,1004,GUC
90617,1005,beacon
90618,1005,beacon
90619,1006,beacon
90620,1006,beacon
10081,1006,GUC
80042,1006,SHB
90621,1007,beacon
90622,1007,beacon
90623,1008,beacon
90624,1013,beacon
90625,1013,beacon
90626,1013,beacon
10082,1014,GUC
90627,1015,beacon
90628,1015,beacon
90629,1017,beacon
90630,1017,beacon
90631,1018,beacon
90632,1018,beacon
10083,1018,GUC
90633,1020,beacon
10084,1020,GUC
40239,1020,TSB
90634,1022,beacon
90635,1023,beacon
90636,1023,beacon
60149,1023,GBC
60151,1023,GBC
40242,1023,TSB
90637,1024,beacon
90638,1026,beacon
90639,1028,beacon
90640,1029,beacon
90641,1031,beacon
50051,1031,GAC
10085,1032,GUC
90642,1033,beacon
90643,1033,beacon
90644,1034,beacon
90645,1034,beacon
10086,1034,GUC
90646,1036,beacon
90647,1036,beacon
90648,1036,beacon
90649,1038,beacon
90650,1039,beacon
10087,1040,GUC
90651,1041,beacon
90652,1042,beacon
90653,1042,beacon
90654,1042,beacon
90655,1045,beacon
90656,1047,beacon
40245,1047,TSB
90657,1048,beacon
90658,1048,beacon
90659,1049,beacon
90660,1049,beacon
40249,1049,TSB
10088,1051,GUC
80043,1052,SHB
90661,1053,beacon
90662,1054,beacon
90663,1056,beacon
90664,1056,beacon
90665,1056,beacon
10089,1056,GUC
90666,1057,beacon
50079,1057,GAC
90667,1058,beacon
90668,1058,beacon
90669,1060,beacon
40257,1060,TSB
90670,1063,beacon
90671,1064,beacon
90672,1064,beacon
90673,1065,beacon
90674,1067,beacon
90675,1067,beacon
90676,1073,beacon
90677,1073,beacon
90678,1073,beacon
90679,1074,beacon
90680,1074,beacon
90681,1075,beacon
90682,1075,beacon
90683,1076,beacon
90684,1076,beacon
40260,1076,TSB
10090,1077,GUC
10091,1078,GUC
90685,1079,beacon
90686,1080,beacon
90687,1080,beacon
90688,1080,beacon
90689,1080,beacon
60169,1080,GBC
10092,1080,GUC
90690,1081,beacon
90691,1084,beacon
10093,1084,GUC
90692,1085,beacon
90693,1086,beacon
90694,1088,beacon
10094,1088,GUC
90695,1090,beacon
90696,1090,beacon
90697,1090,beacon
90698,1090,beacon
90699,1091,beacon
90700,1091,beacon
90701,1094,beacon
90702,1094,beacon
50083,1094,GAC
90703,1095,beacon
90704,1097,beacon
90705,1098,beacon
90706,1100,beacon
90707,1103,beacon
90708,1103,beacon
90709,1103,beacon
90710,1103,beacon
40265,1105,TSB
90711,1106,beacon
90712,1106,beacon
90713,1106,beacon
90714,1106,beacon
90715,1110,beacon
90716,1110,beacon
90717,1110,beacon
90718,1110,beacon
90719,1111,beacon
90720,1111,beacon
90721,1112,beacon
90722,1112,beacon
40273,1112,TSB
40274,1113,TSB
90723,1114,beacon
90724,1115,beacon
90725,1115,beacon
90726,1115,beacon
60185,1118,GBC
90727,1119,beacon
40284,1119,TSB
90728,1120,beacon
90729,1120,beacon
90730,1122,beacon
90731,1123,beacon
50086,1123,GAC
90732,1124,beacon
90733,1125,beacon
90734,1125,beacon
50089,1125,GAC
90735,1126,beacon
90736,1126,beacon
90737,1127,beacon
90738,1127,beacon
50093,1127,GAC
90739,1128,beacon
90740,1129,beacon
90741,1133,beacon
50098,1133,GAC
90742,1134,beacon
90743,1134,beacon
80044,1134,SHB
90744,1138,beacon
10095,1138,GUC
10096,1138,GUC
90745,1139,beacon
90746,1140,beacon
90747,1140,beacon
90748,1140,beacon
90749,1140,beacon
90750,1141,beacon
90751,1141,beacon
90752,1142,beacon
90753,1142,beacon
90754,1142,beacon
90755,1142,beacon
90756,1142,beacon
80045,1142,SHB
40288,1142,TSB
90757,1145,beacon
60196,1145,GBC
90758,1148,beacon
90759,1149,beacon
90760,1149,beacon
90761,1149,beacon
90762,1151,beacon
90763,1152,beacon
90764,1153,beacon
80046,1155,SHB
90765,1156,beacon
90766,1156,beacon
90767,1157,beacon
90768,1157,beacon
90769,1158,beacon
90770,1159,beacon
80047,1159,SHB
90771,1160,beacon
90772,1161,beacon
40291,1162,TSB
90773,1163,beacon
90774,1164,beacon
80048,1166,SHB
90775,1169,beacon
90776,1169,beacon
90777,1170,beacon
90778,1171,beacon
90779,1171,beacon
90780,1171,beacon
90781,1174,beacon
90782,1174,beacon
90783,1175,beacon
10097,1175,GUC
90784,1176,beacon
90785,1177,beacon
90786,1177,beacon
90787,1178,beacon
90788,1178,beacon
80049,1178,SHB
90789,1179,beacon
90790,1179,beacon
90791,1180,beacon
90792,1181,beacon
90793,1181,beacon
90794,1182,beacon
50129,1184,GAC
90795,1187,beacon
90796,1188,beacon
90797,1188,beacon
90798,1188,beacon
90799,1190,beacon
10098,1190,GUC
90800,1191,beacon
90801,1192,beacon
50132,1194,GAC
90802,1195,beacon
90803,1195,beacon
90804,1195,beacon
90805,1196,beacon
90806,1197,beacon
40294,1197,TSB
50135,1197,GAC
90807,1198,beacon
90808,1200,beacon
90809,1202,beacon
90810,1202,beacon
90811,1202,beacon
90812,1203,beacon
90813,1204,beacon
90814,1205,beacon
90815,1206,beacon
90816,1206,beacon
90817,1206,beacon
90818,1206,beacon
90819,1207,beacon
80050,1210,SHB
90820,1211,beacon
90821,1211,beacon
40307,1211,TSB
90822,1213,beacon
90823,1213,beacon
60207,1213,GBC
50140,1213,GAC
90824,1214,beacon
90825,1216,beacon
10099,1216,GUC
10100,1216,GUC
90826,1217,beacon
90827,1218,beacon
90828,1218,beacon
50143,1218,GAC
90829,1220,beacon
90830,1222,beacon
90831,1222,beacon
40311,1222,TSB
10101,1224,GUC
90832,1226,beacon
90833,1226,beacon
90834,1226,beacon
90835,1227,beacon
90836,1228,beacon
40317,1228,TSB
90837,1229,beacon
90838,1230,beacon
90839,1230,beacon
90840,1231,beacon
10102,1231,GUC
90841,1233,beacon
80051,1234,SHB
10103,1234,GUC
90842,1236,beacon
90843,1237,beacon
90844,1238,beacon
90845,1238,beacon
80052,1239,SHB
10104,1239,GUC
10105,1240,GUC
90846,1241,beacon
90847,1241,beacon
80053,1241,SHB
90848,1242,beacon
50148,1246,GAC
90849,1247,beacon
90850,1249,beacon
90851,1251,beacon
90852,1251,beacon
90853,1252,beacon
90854,1252,beacon
90855,1252,beacon
90856,1253,beacon
90857,1253,beacon
90858,1253,beacon
10106,1253,GUC
90859,1254,beacon
90860,1254,beacon
40322,1254,TSB
90861,1256,beacon
80054,1259,SHB
90862,1260,beacon
90863,1260,beacon
90864,1262,beacon
90865,1264,beacon
40325,1266,TSB
90866,1267,beacon
90867,1268,beacon
90868,1268,beacon
90869,1268,beacon
50151,1269,GAC
90870,1270,beacon
90871,1272,beacon
40328,1274,TSB
90872,1275,beacon
90873,1276,beacon
40335,1276,TSB
90874,1277,beacon
90875,1277,beacon
90876,1278,beacon
40341,1279,TSB
90877,1283,beacon
90878,1284,beacon
90879,1284,beacon
40348,1284,TSB
80055,1285,SHB
90880,1286,beacon
90881,1286,beacon
90882,1286,beacon
90883,1287,beacon
90884,1287,beacon
90885,1287,beacon
90886,1288,beacon
90887,1290,beacon
90888,1292,beacon
90889,1292,beacon
90890,1294,beacon
80056,1296,SHB
90891,1297,beacon
90892,1298,beacon
90893,1300,beacon
40359,1300,TSB
90894,1302,beacon
10107,1304,GUC
90895,1305,beacon
10108,1305,GUC
10109,1305,GUC
10110,1306,GUC
10111,1306,GUC
90896,1307,beacon
90897,1308,beacon
90898,1309,beacon
60218,1309,GBC
90899,1310,beacon
90900,1310,beacon
90901,1311,beacon
90902,1311,beacon
90903,1311,beacon
90904,1312,beacon
90905,1313,beacon
90906,1314,beacon
90907,1315,beacon
90908,1316,beacon
90909,1317,beacon
90910,1318,beacon
90911,1319,beacon
90912,1321,beacon
40366,1321,TSB
90913,1323,beacon
90914,1323,beacon
90915,1323,beacon
90916,1328,beacon
90917,1328,beacon
90918,1333,beacon
80057,1333,SHB
90919,1334,beacon
90920,1335,beacon
90921,1335,beacon
10112,1336,GUC
90922,1338,beacon
90923,1338,beacon
90924,1338,beacon
50154,1339,GAC
90925,1340,beacon
90926,1340,beacon
90927,1340,beacon
90928,1343,beacon
90929,1344,beacon
90930,1344,beacon
90931,1345,beacon
90932,1346,beacon
90933,1346,beacon
90934,1346,beacon
90935,1346,beacon
90936,1349,beacon
50158,1349,GAC
80058,1349,SHB
90937,1351,beacon
40373,1352,TSB
90938,1353,beacon
10113,1355,GUC
80059,1356,SHB
90939,1359,beacon
90940,1359,beacon
90941,1359,beacon
90942,1362,beacon
90943,1363,beacon
90944,1363,beacon
90945,1364,beacon
10114,1364,GUC
40377,1364,TSB
40381,1366,TSB
90946,1368,beacon
90947,1368,beacon
90948,1369,beacon
40390,1370,TSB
90949,1372,beacon
90950,1372,beacon
90951,1373,beacon
90952,1373,beacon
90953,1377,beacon
90954,1377,beacon
90955,1378,beacon
90956,1379,beacon
10115,1379,GUC
90957,1380,beacon
90958,1381,beacon
10116,1381,GUC
90959,1384,beacon
80060,1385,SHB
90960,1386,beacon
90961,1386,beacon
90962,1389,beacon
90963,1390,beacon
40393,1390,TSB
90964,1391,beacon
90965,1393,beacon
40398,1393,TSB
90966,1394,beacon
90967,1395,beacon
40404,1396,TSB
90968,1398,beacon
10117,1398,GUC
40414,1399,TSB
90969,1400,beacon
90970,1401,beacon
90971,1402,beacon
10118,1404,GUC
10119,1405,GUC
90972,1406,beacon
90973,1406,beacon
90974,1406,beacon
90975,1406,beacon
90976,1406,beacon
90977,1409,beacon
40423,1409,TSB
60222,1410,GBC
90978,1411,beacon
90979,1414,beacon
90980,1415,beacon
90981,1416,beacon
90982,1417,beacon
90983,1418,beacon
90984,1418,beacon
90985,1418,beacon
90986,1420,beacon
90987,1422,beacon
80061,1423,SHB
90988,1424,beacon
90989,1424,beacon
10120,1425,GUC
90990,1427,beacon
10121,1428,GUC
90991,1429,beacon
90992,1429,beacon
90993,1431,beacon
90994,1431,beacon
90995,1437,beacon
90996,1437,beacon
60223,1437,GBC
90997,1440,beacon
90998,1440,beacon
90999,1440,beacon
91000,1440,beacon
91001,1440,beacon
91002,1442,beacon
80062,1442,SHB
10122,1445,GUC
20044,1445,LS Request
91003,1446,beacon
91004,1446,beacon
30004,1446,LS Reply
91005,1447,beacon
60227,1448,GBC
10123,1448,GUC
91006,1449,beacon
91007,1450,beacon
60229,1450,GBC
91008,1451,beacon
91009,1451,beacon
91010,1451,beacon
40431,1452,TSB
91011,1454,beacon
91012,1456,beacon
50181,1456,GAC
40440,1457,TSB
10124,1460,GUC
91013,1463,beacon
91014,1463,beacon
91015,1464,beacon
50184,1464,GAC
91016,1465,beacon
91017,1466,beacon
91018,1467,beacon
80063,1468,SHB
80064,1469,SHB
91019,1470,beacon
91020,1470,beacon
91021,1470,beacon
91022,1470,beacon
80065,1470,SHB
91023,1471,beacon
91024,1471,beacon
40446,1471,TSB
91025,1472,beacon
60242,1472,GBC
91026,1473,beacon
10125,1474,GUC
91027,1478,beacon
91028,1478,beacon
50189,1478,GAC
91029,1479,beacon
50191,1479,GAC
91030,1480,beacon
91031,1480,beacon
91032,1483,beacon
91033,1485,beacon
91034,1486,beacon
91035,1487,beacon
50196,1487,GAC
91036,1490,beacon
80066,1492,SHB
91037,1493,beacon
91038,1494,beacon
91039,1495,beacon
91040,1495,beacon
91041,1496,beacon
91042,1496,beacon
60246,1496,GBC
91043,1498,beacon
91044,1499,beacon
91045,1499,beacon
91046,1500,beacon
91047,1500,beacon
91048,1500,beacon
91049,1502,beacon
91050,1506,beacon
80067,1506,SHB
91051,1508,beacon
91052,1509,beacon
91053,1509,beacon
91054,1510,beacon
91055,1511,beacon
91056,1512,beacon
91057,1512,beacon
91058,1514,beacon
91059,1515,beacon
91060,1519,beacon
91061,1520,beacon
60250,1523,GBC
91062,1524,beacon
91063,1524,beacon
10126,1524,GUC
91064,1525,beacon
91065,1526,beacon
91066,1526,beacon
80068,1526,SHB
91067,1527,beacon
91068,1527,beacon
91069,1530,beacon
91070,1531,beacon
91071,1531,beacon
10127,1531,GUC
91072,1534,beacon
91073,1535,beacon
50198,1535,GAC
91074,1536,beacon
91075,1537,beacon
91076,1537,beacon
91077,1538,beacon
40452,1538,TSB
91078,1540,beacon
91079,1541,beacon
91080,1542,beacon
91081,1542,beacon
80069,1544,SHB
10128,1546,GUC
91082,1547,beacon
80070,1548,SHB
10129,1549,GUC
91083,1550,beacon
91084,1550,beacon
91085,1551,beacon
91086,1551,beacon
91087,1553,beacon
91088,1554,beacon
91089,1555,beacon
40456,1556,TSB
91090,1557,beacon
91091,1557,beacon
91092,1559,beacon
91093,1560,beacon
91094,1560,beacon
91095,1561,beacon
10130,1564,GUC
91096,1566,beacon
10131,1566,GUC
91097,1567,beacon
91098,1567,beacon
91099,1568,beacon
91100,1568,beacon
91101,1570,beacon
91102,1570,beacon
91103,1571,beacon
10132,1572,GUC
91104,1573,beacon
91105,1573,beacon
91106,1573,beacon
91107,1577,beacon
91108,1577,beacon
40468,1577,TSB
91109,1578,beacon
91110,1579,beacon
91111,1580,beacon
91112,1582,beacon
91113,1583,beacon
91114,1584,beacon
40472,1585,TSB
91115,1586,beacon
91116,1587,beacon
91117,1590,beacon
91118,1591,beacon
91119,1591,beacon
40479,1591,TSB
91120,1594,beacon
91121,1595,beacon
91122,1597,beacon
91123,1599,beacon
91124,1599,beacon
91125,1600,beacon
91126,1600,beacon
80071,1602,SHB
91127,1603,beacon
60258,1603,GBC
10133,1603,GUC
91128,1604,beacon
91129,1605,beacon
91130,1607,beacon
91131,1608,beacon
91132,1608,beacon
91133,1608,beacon
50202,1608,GAC
91134,1609,beacon
91135,1609,beacon
91136,1610,beacon
91137,1610,beacon
10134,1611,GUC
91138,1613,beacon
91139,1616,beacon
10135,1617,GUC
10136,1618,GUC
91140,1619,beacon
91141,1619,beacon
91142,1620,beacon
91143,1620,beacon
10137,1621,GUC
20056,1621,LS Request
30005,1623,LS Reply
91144,1624,beacon
91145,1625,beacon
91146,1625,beacon
91147,1625,beacon
91148,1626,beacon
91149,1628,beacon
91150,1630,beacon
91151,1631,beacon
10138,1631,GUC
91152,1632,beacon
91153,1632,beacon
91154,1633,beacon
91155,1634,beacon
91156,1635,beacon
80072,1636,SHB
91157,1638,beacon
10139,1638,GUC
91158,1639,beacon
91159,1640,beacon
10140,1640,GUC
20072,1640,LS Request
91160,1641,beacon
91161,1641,beacon
30006,1641,LS Reply
60260,1642,GBC
91162,1643,beacon
91163,1644,beacon
91164,1644,beacon
80073,1647,SHB
91165,1648,beacon
91166,1650,beacon
91167,1651,beacon
91168,1652,beacon
91169,1652,beacon
91170,1653,beacon
91171,1653,beacon
10141,1653,GUC
91172,1654,beacon
91173,1655,beacon
10142,1656,GUC
91174,1657,beacon
91175,1657,beacon
91176,1657,beacon
91177,1658,beacon
50205,1658,GAC
91178,1660,beacon
91179,1662,beacon
91180,1662,beacon
40486,1662,TSB
91181,1665,beacon
91182,1666,beacon
80074,1667,SHB
91183,1668,beacon
91184,1669,beacon
91185,1670,beacon
91186,1671,beacon
91187,1671,beacon
91188,1672,beacon
10143,1673,GUC
91189,1674,beacon
91190,1675,beacon
91191,1676,beacon
91192,1677,beacon
91193,1677,beacon
91194,1679,beacon
91195,1680,beacon
91196,1681,beacon
91197,1682,beacon
91198,1683,beacon
91199,1683,beacon
10144,1683,GUC
91200,1684,beacon
91201,1685,beacon
91202,1686,beacon
91203,1687,beacon
91204,1688,beacon
50208,1688,GAC
91205,1689,beacon
80075,1689,SHB
60272,1690,GBC
80076,1690,SHB
91206,1693,beacon
91207,1694,beacon
10145,1694,GUC
91208,1696,beacon
91209,1696,beacon
10146,1698,GUC
40496,1698,TSB
91210,1702,beacon
10147,1702,GUC
91211,1703,beacon
91212,1704,beacon
91213,1706,beacon
91214,1706,beacon
91215,1707,beacon
40505,1709,TSB
91216,1710,beacon
91217,1711,beacon
91218,1711,beacon
40511,1711,TSB
91219,1712,beacon
91220,1712,beacon
91221,1714,beacon
80077,1714,SHB
40515,1714,TSB
91222,1715,beacon
10148,1715,GUC
91223,1716,beacon
91224,1717,beacon
91225,1717,beacon
91226,1718,beacon
91227,1719,beacon
91228,1719,beacon
91229,1719,beacon
91230,1720,beacon
91231,1723,beacon
80078,1723,SHB
80079,1726,SHB
91232,1727,beacon
40521,1728,TSB
91233,1729,beacon
91234,1733,beacon
91235,1733,beacon
80080,1733,SHB
91236,1735,beacon
80081,1735,SHB
91237,1737,beacon
40532,1737,TSB
91238,1738,beacon
91239,1739,beacon
91240,1739,beacon
10149,1739,GUC
80082,1740,SHB
10150,1740,GUC
10151,1741,GUC
91241,1742,beacon
91242,1743,beacon
91243,1744,beacon
91244,1744,beacon
50211,1744,GAC
91245,1747,beacon
91246,1747,beacon
80083,1747,SHB
91247,1748,beacon
91248,1748,beacon
80084,1749,SHB
91249,1750,beacon
91250,1752,beacon
50214,1752,GAC
91251,1755,beacon
91252,1756,beacon
91253,1758,beacon
91254,1760,beacon
91255,1762,beacon
91256,1765,beacon
10152,1765,GUC
91257,1766,beacon
91258,1766,beacon
91259,1768,beacon
91260,1768,beacon
91261,1769,beacon
91262,1770,beacon
50217,1770,GAC
91263,1771,beacon
91264,1771,beacon
91265,1772,beacon
91266,1772,beacon
91267,1773,beacon
91268,1775,beacon
91269,1775,beacon
91270,1775,beacon
80085,1775,SHB
91271,1777,beacon
91272,1778,beacon
10153,1782,GUC
10154,1782,GUC
91273,1783,beacon
91274,1784,beacon
91275,1786,beacon
91276,1787,beacon
91277,1788,beacon
80086,1789,SHB
91278,1792,beacon
91279,1793,beacon
40541,1794,TSB
91280,1795,beacon
91281,1796,beacon
91282,1797,beacon
91283,1798,beacon
40549,1798,TSB
91284,1799,beacon
91285,1800,beacon
91286,1800,beacon
91287,1800,beacon
91288,1800,beacon
91289,1800,beacon
40555,1800,TSB
91290,1801,beacon
91291,1803,beacon
91292,1804,beacon
91293,1806,beacon
91294,1806,beacon
91295,1807,beacon
91296,1808,beacon
80087,1808,SHB
91297,1809,beacon
91298,1809,beacon
91299,1809,beacon
91300,1810,beacon
91301,1810,beacon
50221,1811,GAC
91302,1812,beacon
80088,1812,SHB
91303,1817,beacon
91304,1818,beacon
91305,1822,beacon
91306,1822,beacon
91307,1822,beacon
80089,1823,SHB
91308,1824,beacon
91309,1824,beacon
91310,1825,beacon
91311,1826,beacon
60292,1826,GBC
91312,1828,beacon
40570,1828,TSB
60295,1828,GBC
91313,1829,beacon
91314,1829,beacon
91315,1830,beacon
91316,1830,beacon
91317,1830,beacon
91318,1830,beacon
91319,1830,beacon
91320,1833,beacon
91321,1835,beacon
91322,1835,beacon
91323,1836,beacon
91324,1836,beacon
91325,1837,beacon
91326,1837,beacon
91327,1838,beacon
50225,1839,GAC
91328,1840,beacon
91329,1840,beacon
91330,1840,beacon
60298,1840,GBC
91331,1841,beacon
80090,1841,SHB
91332,1842,beacon
91333,1842,beacon
60300,1842,GBC
10155,1842,GUC
91334,1843,beacon
91335,1844,beacon
91336,1845,beacon
91337,1848,beacon
10156,1848,GUC
60303,1850,GBC
80091,1851,SHB
91338,1852,beacon
10157,1852,GUC
40580,1852,TSB
40581,1853,TSB
91339,1855,beacon
91340,1855,beacon
91341,1856,beacon
91342,1856,beacon
91343,1856,beacon
10158,1856,GUC
10159,1856,GUC
20086,1856,LS Request
10160,1856,GUC
91344,1857,beacon
91345,1857,beacon
30007,1857,LS Reply
91346,1859,beacon
91347,1860,beacon
91348,1860,beacon
91349,1860,beacon
91350,1860,beacon
91351,1860,beacon
91352,1860,beacon
91353,1862,beacon
91354,1863,beacon
80092,1863,SHB
91355,1864,beacon
91356,1865,beacon
91357,1865,beacon
91358,1865,beacon
40596,1865,TSB
91359,1866,beacon
91360,1866,beacon
91361,1866,beacon
91362,1868,beacon
91363,1869,beacon
80093,1869,SHB
91364,1871,beacon
10161,1873,GUC
91365,1874,beacon
91366,1874,beacon
40603,1874,TSB
40604,1874,TSB
91367,1875,beacon
91368,1875,beacon
91369,1875,beacon
91370,1876,beacon
10162,1878,GUC
60325,1878,GBC
50237,1880,GAC
80094,1881,SHB
91371,1883,beacon
80095,1884,SHB
80096,1884,SHB
91372,1885,beacon
91373,1885,beacon
91374,1885,beacon
91375,1886,beacon
91376,1886,beacon
91377,1887,beacon
80097,1887,SHB
91378,1888,beacon
91379,1888,beacon
91380,1891,beacon
91381,1891,beacon
91382,1891,beacon
91383,1892,beacon
40616,1894,TSB
50270,1894,GAC
91384,1895,beacon
91385,1895,beacon
91386,1897,beacon
91387,1897,beacon
10163,1897,GUC
91388,1899,beacon
91389,1899,beacon
91390,1899,beacon
10164,1899,GUC
91391,1900,beacon
91392,1900,beacon
91393,1900,beacon
91394,1901,beacon
91395,1902,beacon
91396,1903,beacon
80098,1905,SHB
91397,1907,beacon
10165,1907,GUC
91398,1908,beacon
91399,1908,beacon
91400,1909,beacon
91401,1911,beacon
40624,1911,TSB
91402,1912,beacon
91403,1912,beacon
91404,1915,beacon
91405,1916,beacon
10166,1916,GUC
91406,1917,beacon
91407,1918,beacon
40636,1918,TSB
91408,1919,beacon
91409,1919,beacon
60336,1919,GBC
91410,1920,beacon
91411,1920,beacon
91412,1921,beacon
91413,1922,beacon
91414,1923,beacon
91415,1923,beacon
91416,1923,beacon
91417,1923,beacon
91418,1923,beacon
91419,1924,beacon
91420,1924,beacon
91421,1926,beacon
10167,1928,GUC
91422,1932,beacon
91423,1932,beacon
91424,1933,beacon
91425,1933,beacon
91426,1934,beacon
91427,1935,beacon
91428,1936,beacon
91429,1937,beacon
91430,1938,beacon
91431,1940,beacon
91432,1940,beacon
91433,1940,beacon
91434,1941,beacon
91435,1942,beacon
80099,1942,SHB
40649,1944,TSB
91436,1945,beacon
91437,1946,beacon
91438,1946,beacon
91439,1947,beacon
91440,1948,beacon
91441,1949,beacon
91442,1950,beacon
91443,1951,beacon
91444,1952,beacon
91445,1952,beacon
91446,1953,beacon
91447,1953,beacon
91448,1955,beacon
10168,1955,GUC
91449,1956,beacon
91450,1956,beacon
91451,1957,beacon
91452,1959,beacon
91453,1961,beacon
10169,1961,GUC
91454,1963,beacon
91455,1963,beacon
50303,1963,GAC
91456,1964,beacon
10170,1964,GUC
91457,1965,beacon
91458,1966,beacon
91459,1967,beacon
91460,1968,beacon
91461,1969,beacon
91462,1970,beacon
91463,1971,beacon
80100,1971,SHB
91464,1972,beacon
91465,1972,beacon
91466,1972,beacon
40657,1974,TSB
91467,1975,beacon
91468,1976,beacon
91469,1976,beacon
91470,1978,beacon
91471,1979,beacon
91472,1979,beacon
91473,1979,beacon
91474,1980,beacon
91475,1980,beacon
10171,1980,GUC
91476,1983,beacon
60348,1983,GBC
91477,1985,beacon
91478,1986,beacon
40663,1986,TSB
40664,1987,TSB
91479,1988,beacon
91480,1988,beacon
91481,1988,beacon
91482,1989,beacon
91483,1989,beacon
80101,1989,SHB
91484,1990,beacon
80102,1991,SHB
91485,1993,beacon
91486,1994,beacon
80103,1994,SHB
91487,1997,beacon
91488,1997,beacon
91489,1998,beacon
91490,1998,beacon
91491,1999,beacon
91492,1999,beacon
80104,1999,SHB
91493,2000,beacon
40675,2000,TSB
10172,2000,GUC
91494,2002,beacon
91495,2003,beacon
91496,2003,beacon
91497,2007,beacon
40678,2007,TSB
91498,2008,beacon
40683,2009,TSB
91499,2011,beacon
91500,2012,beacon
91501,2013,beacon
10173,2013,GUC
91502,2014,beacon
91503,2014,beacon
10174,2014,GUC
91504,2016,beacon
91505,2016,beacon
91506,2016,beacon
10175,2016,GUC
91507,2019,beacon
91508,2019,beacon
91509,2019,beacon
91510,2019,beacon
91511,2021,beacon
91512,2021,beacon
91513,2021,beacon
91514,2022,beacon
91515,2022,beacon
40688,2023,TSB
91516,2024,beacon
10176,2024,GUC
40693,2025,TSB
80105,2025,SHB
91517,2026,beacon
91518,2026,beacon
50307,2026,GAC
10177,2027,GUC
91519,2030,beacon
91520,2031,beacon
91521,2031,beacon
91522,2032,beacon
91523,2033,beacon
91524,2034,beacon
91525,2036,beacon
91526,2040,beacon
91527,2041,beacon
91528,2043,beacon
91529,2043,beacon
91530,2044,beacon
91531,2044,beacon
91532,2045,beacon
91533,2045,beacon
91534,2045,beacon
91535,2047,beacon
60359,2049,GBC
10178,2049,GUC
91536,2050,beacon
91537,2050,beacon
91538,2051,beacon
91539,2052,beacon
91540,2053,beacon
91541,2053,beacon
10179,2053,GUC
91542,2054,beacon
91543,2054,beacon
91544,2057,beacon
91545,2057,beacon
91546,2058,beacon
91547,2060,beacon
50310,2061,GAC
91548,2066,beacon
10180,2067,GUC
91549,2069,beacon
91550,2069,beacon
91551,2069,beacon
80106,2069,SHB
91552,2071,beacon
91553,2072,beacon
91554,2074,beacon
91555,2075,beacon
91556,2075,beacon
91557,2076,beacon
91558,2077,beacon
91559,2078,beacon
10181,2078,GUC
91560,2080,beacon
91561,2080,beacon
91562,2081,beacon
91563,2082,beacon
10182,2083,GUC
91564,2085,beacon
91565,2086,beacon
10183,2086,GUC
91566,2087,beacon
91567,2088,beacon
91568,2088,beacon
91569,2089,beacon
40698,2091,TSB
91570,2092,beacon
80107,2094,SHB
91571,2095,beacon
91572,2097,beacon
60370,2097,GBC
91573,2098,beacon
91574,2099,beacon
80108,2100,SHB
91575,2101,beacon
91576,2102,beacon
91577,2103,beacon
91578,2103,beacon
91579,2104,beacon
80109,2105,SHB
91580,2108,beacon
10184,2109,GUC
80110,2110,SHB
91581,2111,beacon
91582,2111,beacon
91583,2112,beacon
91584,2114,beacon
91585,2118,beacon
91586,2118,beacon
10185,2119,GUC
91587,2120,beacon
91588,2120,beacon
91589,2122,beacon
91590,2123,beacon
91591,2126,beacon
91592,2128,beacon
40706,2128,TSB
10186,2129,GUC
91593,2132,beacon
91594,2132,beacon
91595,2133,beacon
91596,2134,beacon
91597,2134,beacon
91598,2135,beacon
91599,2136,beacon
91600,2137,beacon
91601,2140,beacon
91602,2143,beacon
91603,2145,beacon
91604,2146,beacon
91605,2146,beacon
91606,2148,beacon
91607,2148,beacon
91608,2149,beacon
91609,2150,beacon
91610,2151,beacon
10187,2156,GUC
91611,2157,beacon
91612,2158,beacon
91613,2158,beacon
91614,2160,beacon
91615,2160,beacon
91616,2160,beacon
91617,2160,beacon
91618,2161,beacon
40711,2162,TSB
91619,2163,beacon
91620,2163,beacon
91621,2166,beacon
91622,2167,beacon
40718,2168,TSB
91623,2169,beacon
91624,2170,beacon
91625,2171,beacon
91626,2171,beacon
91627,2171,beacon
91628,2173,beacon
91629,2174,beacon
91630,2174,beacon
91631,2175,beacon
80111,2175,SHB
40731,2175,TSB
91632,2177,beacon
91633,2181,beacon
91634,2182,beacon
91635,2183,beacon
91636,2184,beacon
40736,2186,TSB
40737,2186,TSB
91637,2187,beacon
91638,2188,beacon
91639,2189,beacon
91640,2190,beacon
91641,2190,beacon
91642,2190,beacon
91643,2191,beacon
40743,2191,TSB
91644,2193,beacon
60374,2193,GBC
91645,2195,beacon
91646,2196,beacon
91647,2196,beacon
80112,2198,SHB
10188,2198,GUC
91648,2199,beacon
91649,2199,beacon
91650,2199,beacon
80113,2199,SHB
91651,2200,beacon
91652,2201,beacon
91653,2201,beacon
10189,2201,GUC
91654,2204,beacon
91655,2204,beacon
91656,2205,beacon
91657,2206,beacon
91658,2206,beacon
91659,2207,beacon
10190,2207,GUC
91660,2210,beacon
91661,2212,beacon
40750,2213,TSB
40751,2214,TSB
91662,2215,beacon
91663,2219,beacon
10191,2219,GUC
91664,2220,beacon
91665,2220,beacon
91666,2220,beacon
91667,2220,beacon
91668,2221,beacon
91669,2221,beacon
10192,2221,GUC
91670,2222,beacon
91671,2223,beacon
91672,2223,beacon
91673,2223,beacon
91674,2223,beacon
60384,2223,GBC
10193,2223,GUC
91675,2224,beacon
91676,2225,beacon
91677,2226,beacon
91678,2227,beacon
91679,2229,beacon
91680,2229,beacon
91681,2229,beacon
91682,2230,beacon
91683,2232,beacon
91684,2232,beacon
91685,2232,beacon
10194,2234,GUC
91686,2237,beacon
40758,2237,TSB
91687,2238,beacon
91688,2238,beacon
91689,2239,beacon
10195,2239,GUC
10196,2239,GUC
91690,2240,beacon
91691,2241,beacon
91692,2243,beacon
80114,2246,SHB
40765,2246,TSB
91693,2249,beacon
91694,2249,beacon
10197,2249,GUC
91695,2250,beacon
91696,2250,beacon
91697,2250,beacon
50334,2250,GAC
91698,2251,beacon
91699,2251,beacon
91700,2251,beacon
91701,2252,beacon
40768,2252,TSB
10198,2252,GUC
91702,2253,beacon
40769,2253,TSB
91703,2254,beacon
91704,2254,beacon
91705,2255,beacon
91706,2256,beacon
91707,2256,beacon
80115,2256,SHB
91708,2257,beacon
91709,2259,beacon
80116,2259,SHB
10199,2260,GUC
91710,2261,beacon
91711,2263,beacon
91712,2264,beacon
91713,2264,beacon
10200,2264,GUC
10201,2267,GUC
91714,2269,beacon
91715,2272,beacon
91716,2274,beacon
91717,2275,beacon
91718,2275,beacon
91719,2276,beacon
91720,2277,beacon
91721,2277,beacon
91722,2278,beacon
91723,2279,beacon
91724,2280,beacon
10202,2280,GUC
91725,2281,beacon
91726,2282,beacon
91727,2282,beacon
91728,2283,beacon
91729,2284,beacon
91730,2284,beacon
10203,2284,GUC
91731,2285,beacon
91732,2285,beacon
10204,2286,GUC
91733,2287,beacon
91734,2288,beacon
10205,2288,GUC
91735,2289,beacon
91736,2290,beacon
91737,2290,beacon
50337,2292,GAC
91738,2293,beacon
91739,2294,beacon
91740,2294,beacon
10206,2296,GUC
10207,2296,GUC
60396,2296,GBC
91741,2297,beacon
91742,2298,beacon
91743,2298,beacon
91744,2300,beacon
91745,2301,beacon
91746,2302,beacon
10208,2302,GUC
91747,2303,beacon
80117,2303,SHB
91748,2305,beacon
91749,2305,beacon
91750,2306,beacon
10209,2307,GUC
91751,2308,beacon
91752,2309,beacon
91753,2309,beacon
91754,2310,beacon
91755,2310,beacon
91756,2310,beacon
91757,2311,beacon
40782,2311,TSB
91758,2312,beacon
91759,2314,beacon
10210,2314,GUC
91760,2315,beacon
10211,2315,GUC
40790,2316,TSB
40791,2317,TSB
80118,2317,SHB
40792,2317,TSB
80119,2317,SHB
91761,2318,beacon
91762,2319,beacon
40807,2319,TSB
91763,2320,beacon
91764,2322,beacon
40811,2323,TSB
91765,2324,beacon
91766,2324,beacon
91767,2326,beacon
91768,2326,beacon
40821,2326,TSB
91769,2329,beacon
91770,2330,beacon
91771,2331,beacon
91772,2332,beacon
91773,2332,beacon
91774,2333,beacon
91775,2337,beacon
91776,2337,beacon
91777,2338,beacon
91778,2340,beacon
91779,2340,beacon
91780,2340,beacon
91781,2340,beacon
91782,2341,beacon
91783,2341,beacon
91784,2341,beacon
10212,2341,GUC
10213,2341,GUC
91785,2342,beacon
91786,2342,beacon
91787,2344,beacon
91788,2344,beacon
10214,2344,GUC
91789,2346,beacon
80120,2346,SHB
91790,2347,beacon
91791,2347,beacon
91792,2348,beacon
60408,2353,GBC
91793,2354,beacon
10215,2355,GUC
50341,2355,GAC
10216,2356,GUC
91794,2357,beacon
91795,2358,beacon
40827,2359,TSB
91796,2360,beacon
91797,2364,beacon
91798,2367,beacon
91799,2367,beacon
91800,2367,beacon
40832,2367,TSB
10217,2368,GUC
91801,2369,beacon
91802,2369,beacon
91803,2369,beacon
80121,2369,SHB
91804,2370,beacon
91805,2370,beacon
91806,2370,beacon
10218,2370,GUC
10219,2371,GUC
91807,2372,beacon
91808,2374,beacon
91809,2375,beacon
91810,2375,beacon
91811,2376,beacon
91812,2377,beacon
91813,2377,beacon
80122,2377,SHB
91814,2379,beacon
91815,2381,beacon
80123,2381,SHB
91816,2383,beacon
91817,2387,beacon
40838,2387,TSB
91818,2390,beacon
80124,2391,SHB
60411,2392,GBC
91819,2393,beacon
91820,2395,beacon
91821,2396,beacon
91822,2397,beacon
91823,2399,beacon
50366,2399,GAC
91824,2402,beacon
91825,2402,beacon
91826,2402,beacon
91827,2402,beacon
10220,2402,GUC
10221,2402,GUC
40843,2402,TSB
91828,2403,beacon
91829,2404,beacon
10222,2404,GUC
10223,2405,GUC
91830,2406,beacon
80125,2406,SHB
91831,2407,beacon
91832,2408,beacon
40851,2408,TSB
91833,2411,beacon
91834,2413,beacon
91835,2413,beacon
10224,2419,GUC
91836,2422,beacon
91837,2422,beacon
10225,2423,GUC
91838,2425,beacon
91839,2425,beacon
91840,2425,beacon
91841,2425,beacon
10226,2426,GUC
91842,2427,beacon
91843,2430,beacon
60423,2430,GBC
91844,2432,beacon
60425,2432,GBC
91845,2433,beacon
80126,2435,SHB
91846,2436,beacon
91847,2436,beacon
91848,2439,beacon
91849,2440,beacon
91850,2441,beacon
91851,2442,beacon
91852,2442,beacon
40856,2443,TSB
91853,2444,beacon
80127,2444,SHB
91854,2449,beacon
91855,2450,beacon
91856,2450,beacon
91857,2451,beacon
91858,2457,beacon
91859,2458,beacon
91860,2458,beacon
10227,2459,GUC
91861,2461,beacon
91862,2464,beacon
91863,2465,beacon
91864,2466,beacon
91865,2466,beacon
91866,2467,beacon
91867,2467,beacon
91868,2467,beacon
50371,2469,GAC
91869,2470,beacon
91870,2472,beacon
91871,2474,beacon
91872,2474,beacon
91873,2479,beacon
91874,2480,beacon
91875,2481,beacon
40864,2482,TSB
91876,2484,beacon
91877,2484,beacon
80128,2484,SHB
91878,2486,beacon
91879,2486,beacon
10228,2489,GUC
91880,2490,beacon
91881,2490,beacon
91882,2490,beacon
40869,2494,TSB
91883,2497,beacon
91884,2497,beacon
91885,2498,beacon
60436,2498,GBC
91886,2500,beacon
91887,2500,beacon
91888,2502,beacon
91889,2502,beacon
91890,2505,beacon
91891,2505,beacon
91892,2506,beacon
91893,2507,beacon
91894,2510,beacon
91895,2511,beacon
91896,2513,beacon
80129,2515,SHB
91897,2517,beacon
91898,2517,beacon
91899,2519,beacon
91900,2520,beacon
91901,2520,beacon
91902,2520,beacon
91903,2520,beacon
91904,2521,beacon
91905,2526,beacon
10229,2526,GUC
91906,2528,beacon
91907,2530,beacon
91908,2532,beacon
91909,2532,beacon
91910,2532,beacon
91911,2532,beacon
91912,2533,beacon
91913,2536,beacon
91914,2537,beacon
91915,2537,beacon
10230,2538,GUC
91916,2540,beacon
60448,2541,GBC
91917,2543,beacon
91918,2545,beacon
91919,2545,beacon
91920,2546,beacon
10231,2546,GUC
91921,2547,beacon
91922,2547,beacon
91923,2548,beacon
91924,2549,beacon
91925,2549,beacon
91926,2549,beacon
91927,2550,beacon
91928,2550,beacon
91929,2550,beacon
91930,2550,beacon
80130,2550,SHB
10232,2551,GUC
91931,2552,beacon
91932,2552,beacon
10233,2552,GUC
91933,2553,beacon
91934,2557,beacon
80131,2558,SHB
91935,2559,beacon
91936,2560,beacon
91937,2561,beacon
91938,2562,beacon
60450,2564,GBC
91939,2565,beacon
91940,2566,beacon
91941,2566,beacon
91942,2569,beacon
91943,2569,beacon
91944,2570,beacon
91945,2571,beacon
91946,2574,beacon
91947,2576,beacon
40878,2576,TSB
91948,2578,beacon
40881,2578,TSB
91949,2579,beacon
91950,2579,beacon
91951,2579,beacon
91952,2580,beacon
91953,2580,beacon
91954,2580,beacon
91955,2581,beacon
91956,2581,beacon
91957,2582,beacon
91958,2582,beacon
40894,2582,TSB
10234,2582,GUC
20102,2582,LS Request
91959,2583,beacon
91960,2584,beacon
91961,2584,beacon
91962,2585,beacon
91963,2588,beacon
30008,2588,LS Reply
91964,2589,beacon
91965,2591,beacon
60458,2592,GBC
91966,2593,beacon
91967,2593,beacon
91968,2594,beacon
10235,2595,GUC
80132,2598,SHB
60467,2599,GBC
91969,2601,beacon
91970,2601,beacon
91971,2601,beacon
91972,2601,beacon
91973,2601,beacon
91974,2604,beacon
91975,2604,beacon
91976,2605,beacon
91977,2606,beacon
91978,2606,beacon
91979,2606,beacon
91980,2607,beacon
50393,2607,GAC
91981,2609,beacon
91982,2610,beacon
91983,2611,beacon
91984,2611,beacon
91985,2611,beacon
91986,2612,beacon
91987,2613,beacon
10236,2613,GUC
91988,2614,beacon
91989,2615,beacon
91990,2615,beacon
80133,2616,SHB
91991,2617,beacon
91992,2617,beacon
91993,2619,beacon
91994,2619,beacon
91995,2620,beacon
40905,2620,TSB
10237,2621,GUC
91996,2622,beacon
91997,2625,beacon
80134,2625,SHB
60470,2625,GBC
91998,2627,beacon
91999,2628,beacon
92000,2629,beacon
92001,2630,beacon
10238,2630,GUC
40911,2631,TSB
92002,2633,beacon
92003,2634,beacon
92004,2634,beacon
92005,2634,beacon
92006,2635,beacon
92007,2637,beacon
92008,2637,beacon
60472,2637,GBC
92009,2638,beacon
92010,2638,beacon
92011,2639,beacon
40925,2639,TSB
92012,2640,beacon
40926,2640,TSB
92013,2643,beacon
92014,2643,beacon
80135,2643,SHB
92015,2644,beacon
92016,2644,beacon
92017,2645,beacon
92018,2645,beacon
92019,2646,beacon
10239,2646,GUC
92020,2647,beacon
92021,2648,beacon
92022,2651,beacon
80136,2651,SHB
92023,2653,beacon
92024,2653,beacon
92025,2656,beacon
60474,2657,GBC
40942,2658,TSB
92026,2660,beacon
92027,2661,beacon
60476,2661,GBC
92028,2662,beacon
92029,2662,beacon
92030,2664,beacon
92031,2665,beacon
10240,2665,GUC
92032,2666,beacon
92033,2667,beacon
92034,2667,beacon
50396,2667,GAC
92035,2669,beacon
92036,2670,beacon
92037,2670,beacon
10241,2670,GUC
92038,2671,beacon
92039,2671,beacon
60478,2671,GBC
92040,2673,beacon
92041,2674,beacon
92042,2675,beacon
92043,2675,beacon
92044,2676,beacon
92045,2676,beacon
92046,2678,beacon
92047,2678,beacon
92048,2679,beacon
92049,2680,beacon
92050,2680,beacon
92051,2682,beacon
92052,2683,beacon
92053,2683,beacon
92054,2686,beacon
10242,2689,GUC
92055,2690,beacon
10243,2690,GUC
60510,2693,GBC
92056,2694,beacon
92057,2694,beacon
92058,2695,beacon
92059,2696,beacon
92060,2696,beacon
92061,2697,beacon
60512,2697,GBC
92062,2699,beacon
92063,2700,beacon
92064,2700,beacon
92065,2701,beacon
92066,2701,beacon
92067,2701,beacon
92068,2701,beacon
92069,2702,beacon
92070,2702,beacon
92071,2702,beacon
92072,2702,beacon
92073,2703,beacon
92074,2703,beacon
60514,2703,GBC
92075,2704,beacon
92076,2706,beacon
92077,2706,beacon
92078,2707,beacon
92079,2708,beacon
10244,2708,GUC
40950,2708,TSB
40951,2709,TSB
10245,2709,GUC
92080,2710,beacon
92081,2710,beacon
92082,2711,beacon
50399,2712,GAC
92083,2713,beacon
92084,2718,beacon
80137,2718,SHB
92085,2719,beacon
10246,2721,GUC
92086,2724,beacon
92087,2724,beacon
92088,2724,beacon
92089,2725,beacon
40964,2725,TSB
40965,2725,TSB
92090,2726,beacon
92091,2728,beacon
92092,2728,beacon
92093,2729,beacon
92094,2729,beacon
92095,2729,beacon
92096,2730,beacon
92097,2730,beacon
10247,2730,GUC
92098,2731,beacon
92099,2732,beacon
40972,2732,TSB
40973,2732,TSB
92100,2733,beacon
92101,2734,beacon
92102,2734,beacon
92103,2734,beacon
92104,2735,beacon
92105,2736,beacon
92106,2736,beacon
92107,2736,beacon
10248,2736,GUC
92108,2737,beacon
92109,2737,beacon
80138,2737,SHB
10249,2738,GUC
10250,2738,GUC
92110,2739,beacon
10251,2739,GUC
92111,2740,beacon
92112,2742,beacon
80139,2746,SHB
10252,2747,GUC
92113,2749,beacon
92114,2749,beacon
40990,2749,TSB
92115,2750,beacon
92116,2750,beacon
10253,2750,GUC
40991,2750,TSB
92117,2753,beacon
92118,2753,beacon
92119,2754,beacon
92120,2755,beacon
92121,2755,beacon
92122,2755,beacon
92123,2756,beacon
50431,2756,GAC
60562,2756,GBC
92124,2757,beacon
92125,2759,beacon
92126,2759,beacon
92127,2759,beacon
92128,2760,beacon
92129,2760,beacon
41006,2760,TSB
50436,2761,GAC
92130,2762,beacon
92131,2763,beacon
92132,2765,beacon
92133,2765,beacon
10254,2765,GUC
92134,2766,beacon
92135,2766,beacon
80140,2767,SHB
92136,2769,beacon
92137,2770,beacon
92138,2770,beacon
92139,2771,beacon
92140,2772,beacon
41016,2772,TSB
92141,2774,beacon
41017,2774,TSB
80141,2774,SHB
92142,2775,beacon
92143,2777,beacon
92144,2778,beacon
92145,2779,beacon
50466,2780,GAC
92146,2781,beacon
50468,2781,GAC
92147,2783,beacon
92148,2784,beacon
92149,2785,beacon
92150,2785,beacon
92151,2785,beacon
10255,2786,GUC
10256,2786,GUC
10257,2786,GUC
92152,2787,beacon
92153,2788,beacon
92154,2788,beacon
92155,2788,beacon
92156,2789,beacon
92157,2790,beacon
92158,2790,beacon
92159,2791,beacon
92160,2794,beacon
92161,2795,beacon
92162,2796,beacon
92163,2796,beacon
92164,2796,beacon
60592,2800,GBC
92165,2801,beacon
92166,2802,beacon
92167,2802,beacon
92168,2804,beacon
60602,2804,GBC
92169,2806,beacon
92170,2807,beacon
92171,2809,beacon
92172,2810,beacon
92173,2811,beacon
92174,2811,beacon
92175,2811,beacon
92176,2811,beacon
10258,2811,GUC
80142,2811,SHB
92177,2813,beacon
92178,2813,beacon
60613,2813,GBC
50474,2813,GAC
92179,2815,beacon
10259,2816,GUC
92180,2817,beacon
50477,2817,GAC
92181,2818,beacon
92182,2820,beacon
92183,2820,beacon
92184,2821,beacon
92185,2821,beacon
92186,2822,beacon
60624,2822,GBC
92187,2825,beacon
80143,2825,SHB
41030,2826,TSB
92188,2827,beacon
92189,2829,beacon
92190,2829,beacon
10260,2829,GUC
92191,2830,beacon
92192,2830,beacon
92193,2833,beacon
92194,2835,beacon
92195,2835,beacon
92196,2837,beacon
92197,2837,beacon
92198,2837,beacon
92199,2837,beacon
50484,2837,GAC
92200,2838,beacon
92201,2838,beacon
92202,2841,beacon
92203,2843,beacon
41033,2843,TSB
92204,2844,beacon
10261,2844,GUC
92205,2845,beacon
92206,2846,beacon
92207,2847,beacon
92208,2848,beacon
10262,2848,GUC
41036,2850,TSB
92209,2852,beacon
92210,2855,beacon
10263,2855,GUC
92211,2856,beacon
92212,2857,beacon
41040,2857,TSB
92213,2859,beacon
92214,2859,beacon
41050,2859,TSB
92215,2860,beacon
92216,2861,beacon
92217,2861,beacon
92218,2861,beacon
92219,2861,beacon
10264,2861,GUC
92220,2864,beacon
92221,2864,beacon
80144,2865,SHB
92222,2866,beacon
92223,2868,beacon
92224,2868,beacon
10265,2868,GUC
92225,2870,beacon
92226,2871,beacon
92227,2871,beacon
92228,2872,beacon
92229,2872,beacon
41056,2872,TSB
92230,2873,beacon
10266,2873,GUC
92231,2874,beacon
92232,2874,beacon
92233,2875,beacon
92234,2877,beacon
92235,2880,beacon
92236,2880,beacon
92237,2880,beacon
92238,2880,beacon
92239,2880,beacon
80145,2882,SHB
92240,2883,beacon
80146,2883,SHB
92241,2884,beacon
92242,2884,beacon
92243,2885,beacon
50487,2886,GAC
10267,2887,GUC
92244,2889,beacon
92245,2890,beacon
92246,2890,beacon
10268,2890,GUC
92247,2892,beacon
92248,2892,beacon
92249,2893,beacon
60628,2893,GBC
41059,2895,TSB
92250,2896,beacon
92251,2896,beacon
92252,2897,beacon
92253,2897,beacon
92254,2899,beacon
92255,2899,beacon
92256,2900,beacon
92257,2900,beacon
92258,2901,beacon
92259,2902,beacon
92260,2902,beacon
80147,2902,SHB
92261,2904,beacon
92262,2906,beacon
92263,2907,beacon
92264,2907,beacon
92265,2908,beacon
92266,2909,beacon
92267,2909,beacon
10269,2909,GUC
92268,2910,beacon
92269,2910,beacon
92270,2910,beacon
92271,2910,beacon
92272,2913,beacon
92273,2914,beacon
92274,2914,beacon
92275,2914,beacon
92276,2915,beacon
92277,2915,beacon
41067,2915,TSB
92278,2917,beacon
92279,2917,beacon
10270,2917,GUC
92280,2918,beacon
92281,2919,beacon
92282,2920,beacon
92283,2920,beacon
92284,2920,beacon
92285,2921,beacon
50490,2924,GAC
92286,2926,beacon
92287,2926,beacon
10271,2926,GUC
60639,2927,GBC
10272,2928,GUC
92288,2930,beacon
92289,2931,beacon
92290,2931,beacon
92291,2931,beacon
92292,2931,beacon
41071,2932,TSB
10273,2933,GUC
92293,2934,beacon
92294,2935,beacon
92295,2937,beacon
92296,2937,beacon
92297,2938,beacon
92298,2938,beacon
10274,2939,GUC
92299,2940,beacon
92300,2940,beacon
92301,2940,beacon
92302,2940,beacon
92303,2941,beacon
92304,2942,beacon
92305,2942,beacon
92306,2942,beacon
80148,2942,SHB
92307,2943,beacon
92308,2943,beacon
92309,2943,beacon
50495,2944,GAC
92310,2945,beacon
60643,2946,GBC
41076,2947,TSB
92311,2948,beacon
92312,2949,beacon
92313,2950,beacon
92314,2950,beacon
92315,2950,beacon
92316,2950,beacon
60654,2950,GBC
41089,2951,TSB
92317,2952,beacon
92318,2955,beacon
60665,2955,GBC
92319,2957,beacon
92320,2958,beacon
92321,2959,beacon
92322,2960,beacon
10275,2961,GUC
92323,2962,beacon
92324,2964,beacon
92325,2964,beacon
60669,2964,GBC
92326,2965,beacon
92327,2966,beacon
92328,2966,beacon
92329,2966,beacon
92330,2969,beacon
10276,2969,GUC
92331,2971,beacon
10277,2972,GUC
92332,2973,beacon
92333,2973,beacon
92334,2973,beacon
92335,2973,beacon
92336,2973,beacon
92337,2974,beacon
92338,2974,beacon
92339,2975,beacon
92340,2976,beacon
92341,2976,beacon
92342,2976,beacon
92343,2976,beacon
92344,2977,beacon
92345,2980,beacon
92346,2980,beacon
92347,2980,beacon
41107,2981,TSB
60673,2982,GBC
92348,2983,beacon
10278,2983,GUC
41110,2984,TSB
92349,2985,beacon
41111,2985,TSB
92350,2986,beacon
92351,2986,beacon
10279,2987,GUC
80149,2988,SHB
92352,2989,beacon
10280,2989,GUC
92353,2990,beacon
92354,2991,beacon
92355,2991,beacon
80150,2991,SHB
92356,2995,beacon
80151,2995,SHB
92357,2996,beacon
92358,2998,beacon
92359,2998,beacon
92360,2999,beacon
92361,2999,beacon
92362,3000,beacon
50498,3000,GAC
50500,3000,GAC
92363,3001,beacon
10281,3001,GUC
92364,3002,beacon
92365,3003,beacon
92366,3004,beacon
92367,3004,beacon
92368,3004,beacon
92369,3005,beacon
41123,3005,TSB
92370,3006,beacon
92371,3006,beacon
92372,3006,beacon
41124,3006,TSB
92373,3008,beacon
92374,3008,beacon
92375,3009,beacon
50505,3010,GAC
10282,3010,GUC
92376,3011,beacon
60685,3012,GBC
92377,3014,beacon
92378,3015,beacon
92379,3016,beacon
10283,3016,GUC
92380,3017,beacon
92381,3019,beacon
92382,3020,beacon
92383,3020,beacon
92384,3021,beacon
92385,3021,beacon
92386,3022,beacon
50513,3022,GAC
92387,3023,beacon
92388,3026,beacon
10284,3026,GUC
60696,3027,GBC
92389,3028,beacon
92390,3028,beacon
92391,3029,beacon
92392,3030,beacon
92393,3030,beacon
41134,3031,TSB
41135,3032,TSB
92394,3033,beacon
92395,3034,beacon
92396,3034,beacon
92397,3035,beacon
92398,3036,beacon
92399,3038,beacon
80152,3038,SHB
10285,3038,GUC
92400,3039,beacon
92401,3039,beacon
80153,3039,SHB
10286,3040,GUC
92402,3041,beacon
92403,3041,beacon
41154,3041,TSB
10287,3042,GUC
92404,3043,beacon
92405,3043,beacon
92406,3043,beacon
10288,3044,GUC
10289,3044,GUC
92407,3046,beacon
92408,3047,beacon
92409,3048,beacon
41162,3048,TSB
92410,3049,beacon
92411,3050,beacon
92412,3051,beacon
92413,3051,beacon
92414,3051,beacon
10290,3051,GUC
92415,3052,beacon
10291,3052,GUC
92416,3056,beacon
92417,3058,beacon
10292,3058,GUC
92418,3059,beacon
92419,3059,beacon
92420,3060,beacon
92421,3060,beacon
92422,3060,beacon
92423,3061,beacon
92424,3062,beacon
41165,3062,TSB
92425,3064,beacon
92426,3064,beacon
10293,3064,GUC
92427,3065,beacon
92428,3066,beacon
92429,3066,beacon
80154,3066,SHB
92430,3067,beacon
10294,3069,GUC
10295,3070,GUC
92431,3071,beacon
92432,3072,beacon
92433,3072,beacon
92434,3073,beacon
92435,3073,beacon
92436,3075,beacon
92437,3076,beacon
80155,3077,SHB
92438,3079,beacon
92439,3079,beacon
60706,3081,GBC
10296,3081,GUC
92440,3083,beacon
92441,3083,beacon
92442,3083,beacon
92443,3083,beacon
41168,3083,TSB
10297,3084,GUC
60708,3085,GBC
92444,3086,beacon
92445,3086,beacon
92446,3087,beacon
92447,3087,beacon
92448,3087,beacon
10298,3088,GUC
92449,3090,beacon
10299,3090,GUC
92450,3091,beacon
92451,3091,beacon
92452,3092,beacon
92453,3092,beacon
92454,3094,beacon
80156,3095,SHB
92455,3097,beacon
92456,3097,beacon
41177,3097,TSB
60719,3097,GBC
60721,3098,GBC
10300,3100,GUC
92457,3101,beacon
92458,3102,beacon
92459,3103,beacon
92460,3104,beacon
10301,3105,GUC
50520,3105,GAC
92461,3106,beacon
10302,3106,GUC
92462,3107,beacon
92463,3107,beacon
92464,3109,beacon
41186,3109,TSB
92465,3110,beacon
41187,3110,TSB
92466,3111,beacon
92467,3113,beacon
92468,3114,beacon
10303,3114,GUC
92469,3116,beacon
92470,3116,beacon
92471,3117,beacon
92472,3119,beacon
10304,3119,GUC
10305,3120,GUC
92473,3121,beacon
92474,3121,beacon
92475,3122,beacon
10306,3123,GUC
10307,3124,GUC
92476,3125,beacon
92477,3127,beacon
92478,3128,beacon
92479,3128,beacon
92480,3128,beacon
92481,3128,beacon
92482,3129,beacon
92483,3130,beacon
92484,3131,beacon
92485,3133,beacon
10308,3133,GUC
92486,3134,beacon
92487,3136,beacon
92488,3137,beacon
92489,3138,beacon
92490,3138,beacon
92491,3140,beacon
92492,3141,beacon
92493,3141,beacon
10309,3142,GUC
92494,3143,beacon
60731,3143,GBC
92495,3145,beacon
92496,3145,beacon
10310,3145,GUC
80157,3145,SHB
10311,3145,GUC
10312,3147,GUC
92497,3149,beacon
92498,3151,beacon
10313,3151,GUC
10314,3151,GUC
92499,3152,beacon
41207,3152,TSB
92500,3154,beacon
92501,3155,beacon
92502,3156,beacon
41215,3156,TSB
92503,3158,beacon
10315,3158,GUC
92504,3161,beacon
92505,3162,beacon
92506,3163,beacon
10316,3163,GUC
92507,3164,beacon
92508,3164,beacon
92509,3165,beacon
92510,3165,beacon
92511,3165,beacon
92512,3166,beacon
92513,3166,beacon
92514,3167,beacon
92515,3167,beacon
10317,3167,GUC
41225,3168,TSB
92516,3169,beacon
92517,3170,beacon
80158,3170,SHB
80159,3171,SHB
92518,3172,beacon
92519,3174,beacon
92520,3174,beacon
92521,3178,beacon
10318,3178,GUC
92522,3179,beacon
10319,3181,GUC
92523,3182,beacon
92524,3182,beacon
92525,3185,beacon
50525,3185,GAC
92526,3189,beacon
92527,3189,beacon
92528,3192,beacon
10320,3192,GUC
92529,3193,beacon
92530,3195,beacon
92531,3195,beacon
92532,3196,beacon
92533,3196,beacon
92534,3196,beacon
92535,3197,beacon
92536,3198,beacon
92537,3198,beacon
92538,3199,beacon
92539,3201,beacon
92540,3203,beacon
92541,3204,beacon
92542,3204,beacon
92543,3205,beacon
92544,3208,beacon
41231,3208,TSB
92545,3209,beacon
10321,3211,GUC
92546,3215,beacon
92547,3216,beacon
80160,3216,SHB
92548,3218,beacon
92549,3220,beacon
92550,3220,beacon
92551,3221,beacon
92552,3223,beacon
10322,3223,GUC
92553,3226,beacon
92554,3226,beacon
92555,3226,beacon
92556,3226,beacon
92557,3226,beacon
41238,3226,TSB
10323,3227,GUC
92558,3229,beacon
92559,3229,beacon
10324,3229,GUC
92560,3231,beacon
92561,3232,beacon
92562,3232,beacon
50528,3233,GAC
92563,3234,beacon
41242,3234,TSB
92564,3238,beacon
92565,3240,beacon
92566,3240,beacon
92567,3240,beacon
92568,3240,beacon
10325,3240,GUC
41245,3241,TSB
92569,3243,beacon
92570,3243,beacon
92571,3247,beacon
92572,3247,beacon
92573,3249,beacon
92574,3249,beacon
92575,3250,beacon
92576,3250,beacon
92577,3250,beacon
92578,3250,beacon
10326,3250,GUC
60751,3251,GBC
92579,3254,beacon
92580,3256,beacon
10327,3256,GUC
80161,3256,SHB
41249,3256,TSB
92581,3257,beacon
92582,3259,beacon
92583,3259,beacon
92584,3260,beacon
92585,3263,beacon
92586,3265,beacon
10328,3265,GUC
60755,3266,GBC
92587,3268,beacon
92588,3269,beacon
92589,3270,beacon
92590,3270,beacon
92591,3270,beacon
92592,3270,beacon
92593,3272,beacon
10329,3272,GUC
92594,3273,beacon
92595,3273,beacon
92596,3273,beacon
92597,3276,beacon
41258,3276,TSB
92598,3278,beacon
92599,3279,beacon
92600,3280,beacon
92601,3280,beacon
92602,3282,beacon
92603,3282,beacon
92604,3285,beacon
92605,3285,beacon
92606,3285,beacon
92607,3288,beacon
92608,3292,beacon
92609,3293,beacon
92610,3295,beacon
92611,3295,beacon
92612,3295,beacon
80162,3295,SHB
92613,3297,beacon
92614,3298,beacon
92615,3299,beacon
92616,3299,beacon
92617,3300,beacon
92618,3300,beacon
92619,3300,beacon
10330,3300,GUC
92620,3301,beacon
10331,3302,GUC
60758,3302,GBC
92621,3303,beacon
92622,3304,beacon
92623,3305,beacon
92624,3305,beacon
92625,3306,beacon
92626,3306,beacon
10332,3307,GUC
92627,3308,beacon
60761,3312,GBC
50533,3313,GAC
92628,3314,beacon
10333,3315,GUC
92629,3316,beacon
41262,3317,TSB
92630,3318,beacon
92631,3319,beacon
92632,3320,beacon
50536,3321,GAC
80163,3322,SHB
10334,3322,GUC
92633,3324,beacon
92634,3324,beacon
92635,3325,beacon
92636,3325,beacon
92637,3326,beacon
92638,3327,beacon
92639,3327,beacon
92640,3328,beacon
50539,3328,GAC
92641,3329,beacon
92642,3329,beacon
92643,3330,beacon
92644,3330,beacon
92645,3331,beacon
92646,3331,beacon
41266,3331,TSB
92647,3333,beacon
92648,3333,beacon
92649,3334,beacon
92650,3337,beacon
92651,3338,beacon
50545,3340,GAC
92652,3341,beacon
10335,3345,GUC
20115,3345,LS Request
92653,3346,beacon
30009,3346,LS Reply
92654,3347,beacon
92655,3348,beacon
92656,3348,beacon
60774,3348,GBC
92657,3349,beacon
92658,3352,beacon
92659,3352,beacon
92660,3352,beacon
92661,3354,beacon
92662,3354,beacon
92663,3354,beacon
92664,3354,beacon
92665,3354,beacon
60776,3356,GBC
10336,3357,GUC
92666,3358,beacon
92667,3360,beacon
92668,3361,beacon
92669,3361,beacon
92670,3362,beacon
41270,3362,TSB
92671,3363,beacon
92672,3364,beacon
92673,3365,beacon
10337,3366,GUC
92674,3368,beacon
60778,3368,GBC
41274,3370,TSB
60780,3370,GBC
92675,3372,beacon
92676,3372,beacon
92677,3372,beacon
92678,3373,beacon
92679,3374,beacon
92680,3375,beacon
10338,3375,GUC
92681,3376,beacon
10339,3376,GUC
92682,3377,beacon
92683,3379,beacon
92684,3379,beacon
92685,3382,beacon
92686,3383,beacon
10340,3383,GUC
92687,3384,beacon
92688,3386,beacon
92689,3386,beacon
92690,3387,beacon
92691,3389,beacon
92692,3389,beacon
92693,3391,beacon
10341,3392,GUC
92694,3394,beacon
80164,3394,SHB
92695,3395,beacon
10342,3395,GUC
92696,3397,beacon
41278,3397,TSB
92697,3398,beacon
92698,3399,beacon
92699,3400,beacon
92700,3400,beacon
92701,3400,beacon
92702,3402,beacon
41285,3402,TSB
92703,3404,beacon
92704,3406,beacon
92705,3407,beacon
92706,3407,beacon
92707,3408,beacon
92708,3409,beacon
10343,3409,GUC
80165,3410,SHB
92709,3413,beacon
92710,3415,beacon
92711,3416,beacon
10344,3416,GUC
80166,3417,SHB
92712,3418,beacon
92713,3419,beacon
92714,3419,beacon
92715,3420,beacon
92716,3420,beacon
50554,3420,GAC
92717,3421,beacon
80167,3421,SHB
41292,3422,TSB
92718,3423,beacon
92719,3424,beacon
92720,3425,beacon
92721,3426,beacon
92722,3427,beacon
41301,3430,TSB
92723,3431,beacon
92724,3431,beacon
92725,3432,beacon
92726,3432,beacon
92727,3433,beacon
92728,3433,beacon
92729,3434,beacon
50558,3435,GAC
10345,3435,GUC
92730,3437,beacon
10346,3437,GUC
20128,3437,LS Request
50562,3438,GAC
30010,3438,LS Reply
92731,3440,beacon
92732,3442,beacon
92733,3442,beacon
92734,3444,beacon
92735,3444,beacon
41306,3445,TSB
92736,3447,beacon
92737,3447,beacon
92738,3448,beacon
92739,3450,beacon
92740,3450,beacon
92741,3450,beacon
92742,3451,beacon
92743,3452,beacon
10347,3452,GUC
92744,3454,beacon
50565,3455,GAC
92745,3456,beacon
92746,3457,beacon
92747,3457,beacon
60782,3457,GBC
92748,3458,beacon
92749,3459,beacon
92750,3459,beacon
41316,3459,TSB
92751,3460,beacon
92752,3464,beacon
92753,3464,beacon
41327,3464,TSB
92754,3465,beacon
41330,3466,TSB
92755,3467,beacon
92756,3469,beacon
10348,3469,GUC
80168,3470,SHB
92757,3471,beacon
92758,3471,beacon
41337,3471,TSB
92759,3473,beacon
92760,3475,beacon
92761,3475,beacon
92762,3477,beacon
92763,3478,beacon
92764,3478,beacon
92765,3480,beacon
92766,3480,beacon
92767,3480,beacon
92768,3482,beacon
92769,3483,beacon
92770,3484,beacon
10349,3484,GUC
10350,3485,GUC
92771,3487,beacon
92772,3488,beacon
92773,3488,beacon
92774,3489,beacon
10351,3489,GUC
80169,3489,SHB
92775,3490,beacon
92776,3492,beacon
10352,3497,GUC
92777,3499,beacon
92778,3500,beacon
10353,3501,GUC
10354,3501,GUC
92779,3502,beacon
92780,3502,beacon
92781,3502,beacon
92782,3503,beacon
92783,3504,beacon
92784,3504,beacon
10355,3504,GUC
92785,3506,beacon
60812,3506,GBC
92786,3507,beacon
92787,3507,beacon
10356,3507,GUC
92788,3508,beacon
92789,3512,beacon
92790,3513,beacon
80170,3513,SHB
80171,3513,SHB
92791,3514,beacon
10357,3514,GUC
10358,3515,GUC
92792,3516,beacon
92793,3516,beacon
92794,3516,beacon
92795,3516,beacon
92796,3518,beacon
92797,3518,beacon
92798,3519,beacon
80172,3521,SHB
60815,3521,GBC
41342,3524,TSB
80173,3525,SHB
92799,3526,beacon
92800,3526,beacon
92801,3527,beacon
92802,3527,beacon
92803,3529,beacon
10359,3529,GUC
92804,3530,beacon
92805,3530,beacon
50595,3533,GAC
92806,3534,beacon
10360,3535,GUC
92807,3536,beacon
92808,3538,beacon
92809,3538,beacon
10361,3539,GUC
92810,3540,beacon
92811,3541,beacon
92812,3542,beacon
92813,3545,beacon
92814,3545,beacon
92815,3546,beacon
92816,3546,beacon
92817,3547,beacon
92818,3547,beacon
92819,3549,beacon
92820,3549,beacon
92821,3550,beacon
92822,3552,beacon
92823,3552,beacon
50597,3552,GAC
92824,3553,beacon
92825,3554,beacon
92826,3555,beacon
10362,3557,GUC
50600,3558,GAC
10363,3561,GUC
92827,3562,beacon
92828,3562,beacon
92829,3562,beacon
92830,3562,beacon
92831,3568,beacon
92832,3570,beacon
92833,3571,beacon
92834,3571,beacon
92835,3571,beacon
92836,3572,beacon
10364,3572,GUC
92837,3573,beacon
92838,3573,beacon
92839,3573,beacon
92840,3575,beacon
92841,3576,beacon
92842,3576,beacon
92843,3577,beacon
92844,3578,beacon
92845,3578,beacon
92846,3579,beacon
60819,3579,GBC
92847,3582,beacon
80174,3582,SHB
10365,3585,GUC
41354,3587,TSB
92848,3588,beacon
92849,3588,beacon
92850,3591,beacon
92851,3591,beacon
92852,3594,beacon
92853,3594,beacon
92854,3595,beacon
92855,3596,beacon
92856,3596,beacon
92857,3599,beacon
92858,3600,beacon
92859,3600,beacon
92860,3600,beacon
92861,3600,beacon
80175,3601,SHB
92862,3602,beacon
92863,3602,beacon
60821,3602,GBC
92864,3604,beacon
92865,3604,beacon
92866,3605,beacon
92867,3606,beacon
92868,3606,beacon
92869,3606,beacon
10366,3606,GUC
92870,3607,beacon
92871,3607,beacon
92872,3608,beacon
92873,3609,beacon
80176,3609,SHB
92874,3610,beacon
10367,3610,GUC
80177,3610,SHB
92875,3614,beacon
92876,3614,beacon
92877,3617,beacon
92878,3619,beacon
92879,3621,beacon
92880,3622,beacon
92881,3623,beacon
92882,3625,beacon
41361,3625,TSB
92883,3627,beacon
92884,3627,beacon
92885,3630,beacon
92886,3630,beacon
92887,3630,beacon
92888,3630,beacon
92889,3631,beacon
92890,3631,beacon
92891,3632,beacon
92892,3633,beacon
92893,3633,beacon
10368,3633,GUC
92894,3634,beacon
10369,3634,GUC
20142,3634,LS Request
92895,3635,beacon
92896,3635,beacon
92897,3635,beacon
92898,3635,beacon
92899,3635,beacon
92900,3636,beacon
30011,3637,LS Reply
92901,3638,beacon
92902,3638,beacon
10370,3638,GUC
92903,3639,beacon
92904,3640,beacon
92905,3640,beacon
80178,3640,SHB
92906,3643,beacon
10371,3643,GUC
92907,3646,beacon
80179,3646,SHB
92908,3648,beacon
92909,3648,beacon
80180,3648,SHB
92910,3653,beacon
92911,3653,beacon
92912,3653,beacon
92913,3655,beacon
92914,3656,beacon
92915,3656,beacon
10372,3656,GUC
92916,3658,beacon
92917,3658,beacon
92918,3659,beacon
92919,3660,beacon
92920,3660,beacon
92921,3660,beacon
92922,3660,beacon
92923,3660,beacon
92924,3660,beacon
92925,3660,beacon
92926,3661,beacon
92927,3662,beacon
92928,3663,beacon
92929,3666,beacon
92930,3667,beacon
41367,3667,TSB
92931,3668,beacon
92932,3668,beacon
92933,3668,beacon
92934,3668,beacon
92935,3669,beacon
92936,3670,beacon
41371,3671,TSB
92937,3673,beacon
80181,3674,SHB
92938,3675,beacon
10373,3675,GUC
92939,3676,beacon
80182,3676,SHB
10374,3677,GUC
92940,3678,beacon
92941,3679,beacon
92942,3680,beacon
92943,3680,beacon
10375,3680,GUC
92944,3682,beacon
60828,3683,GBC
60830,3683,GBC
41377,3684,TSB
92945,3685,beacon
92946,3685,beacon
92947,3686,beacon
92948,3686,beacon
80183,3686,SHB
92949,3687,beacon
92950,3687,beacon
10376,3687,GUC
50679,3688,GAC
92951,3689,beacon
92952,3689,beacon
92953,3690,beacon
92954,3691,beacon
92955,3691,beacon
92956,3691,beacon
92957,3691,beacon
92958,3691,beacon
92959,3692,beacon
92960,3693,beacon
92961,3695,beacon
92962,3696,beacon
92963,3696,beacon
41380,3696,TSB
92964,3698,beacon
10377,3699,GUC
41384,3699,TSB
92965,3700,beacon
92966,3700,beacon
10378,3700,GUC
10379,3702,GUC
92967,3704,beacon
92968,3707,beacon
92969,3707,beacon
10380,3708,GUC
92970,3709,beacon
92971,3709,beacon
92972,3709,beacon
10381,3709,GUC
10382,3709,GUC
92973,3710,beacon
92974,3710,beacon
92975,3711,beacon
92976,3712,beacon
92977,3712,beacon
80184,3712,SHB
92978,3713,beacon
92979,3713,beacon
50684,3715,GAC
92980,3716,beacon
92981,3717,beacon
10383,3718,GUC
92982,3719,beacon
92983,3719,beacon
92984,3719,beacon
92985,3721,beacon
92986,3722,beacon
92987,3722,beacon
92988,3722,beacon
92989,3724,beacon
92990,3725,beacon
92991,3726,beacon
92992,3726,beacon
92993,3726,beacon
92994,3728,beacon
92995,3731,beacon
10384,3732,GUC
92996,3734,beacon
92997,3735,beacon
92998,3735,beacon
92999,3736,beacon
10385,3736,GUC
10386,3737,GUC
80185,3739,SHB
93000,3740,beacon
93001,3740,beacon
93002,3741,beacon
60850,3741,GBC
93003,3742,beacon
93004,3742,beacon
93005,3743,beacon
93006,3744,beacon
93007,3745,beacon
93008,3745,beacon
93009,3746,beacon
93010,3748,beacon
93011,3749,beacon
10387,3749,GUC
60861,3750,GBC
10388,3750,GUC
93012,3752,beacon
93013,3752,beacon
93014,3752,beacon
93015,3752,beacon
93016,3753,beacon
93017,3755,beacon
93018,3755,beacon
41390,3755,TSB
93019,3757,beacon
93020,3758,beacon
93021,3759,beacon
93022,3759,beacon
93023,3761,beacon
93024,3762,beacon
50686,3763,GAC
93025,3764,beacon
93026,3764,beacon
80186,3764,SHB
93027,3765,beacon
93028,3767,beacon
93029,3767,beacon
93030,3768,beacon
41397,3768,TSB
93031,3769,beacon
93032,3769,beacon
60864,3772,GBC
93033,3774,beacon
93034,3774,beacon
10389,3774,GUC
93035,3775,beacon
93036,3776,beacon
93037,3776,beacon
93038,3777,beacon
93039,3778,beacon
60875,3778,GBC
93040,3780,beacon
93041,3780,beacon
93042,3780,beacon
93043,3781,beacon
93044,3782,beacon
93045,3782,beacon
80187,3782,SHB
93046,3783,beacon
10390,3783,GUC
41400,3783,TSB
93047,3784,beacon
93048,3784,beacon
93049,3786,beacon
50689,3786,GAC
93050,3787,beacon
93051,3787,beacon
93052,3787,beacon
93053,3789,beacon
41404,3789,TSB
93054,3790,beacon
93055,3792,beacon
93056,3794,beacon
93057,3794,beacon
93058,3796,beacon
80188,3796,SHB
10391,3798,GUC
93059,3800,beacon
93060,3801,beacon
93061,3801,beacon
93062,3801,beacon
80189,3801,SHB
10392,3801,GUC
93063,3802,beacon
10393,3802,GUC
93064,3805,beacon
93065,3807,beacon
93066,3807,beacon
93067,3807,beacon
93068,3810,beacon
10394,3810,GUC
93069,3811,beacon
93070,3812,beacon
10395,3812,GUC
80190,3813,SHB
93071,3814,beacon
93072,3814,beacon
93073,3814,beacon
10396,3814,GUC
93074,3815,beacon
93075,3816,beacon
93076,3816,beacon
93077,3816,beacon
41408,3816,TSB
93078,3818,beacon
93079,3818,beacon
10397,3818,GUC
41411,3818,TSB
93080,3819,beacon
93081,3821,beacon
60886,3822,GBC
93082,3823,beacon
93083,3824,beacon
93084,3824,beacon
93085,3824,beacon
93086,3828,beacon
93087,3829,beacon
60894,3829,GBC
93088,3831,beacon
93089,3832,beacon
80191,3834,SHB
80192,3835,SHB
10398,3835,GUC
10399,3835,GUC
93090,3836,beacon
10400,3836,GUC
93091,3837,beacon
93092,3837,beacon
41418,3837,TSB
93093,3838,beacon
93094,3839,beacon
93095,3840,beacon
10401,3840,GUC
93096,3841,beacon
93097,3841,beacon
93098,3842,beacon
93099,3843,beacon
93100,3844,beacon
93101,3845,beacon
93102,3847,beacon
80193,3848,SHB
93103,3850,beacon
93104,3850,beacon
93105,3851,beacon
93106,3851,beacon
93107,3852,beacon
93108,3852,beacon
10402,3852,GUC
10403,3852,GUC
10404,3852,GUC
93109,3853,beacon
93110,3854,beacon
93111,3856,beacon
93112,3856,beacon
10405,3857,GUC
93113,3862,beacon
93114,3864,beacon
93115,3864,beacon
93116,3865,beacon
93117,3866,beacon
93118,3866,beacon
93119,3867,beacon
10406,3868,GUC
93120,3869,beacon
60904,3869,GBC
93121,3870,beacon
93122,3871,beacon
60907,3871,GBC
93123,3872,beacon
10407,3872,GUC
93124,3873,beacon
93125,3873,beacon
93126,3873,beacon
93127,3874,beacon
10408,3874,GUC
93128,3875,beacon
93129,3877,beacon
93130,3879,beacon
93131,3879,beacon
10409,3879,GUC
93132,3880,beacon
93133,3880,beacon
93134,3881,beacon
10410,3886,GUC
93135,3888,beacon
93136,3888,beacon
93137,3889,beacon
93138,3892,beacon
93139,3894,beacon
80194,3895,SHB
93140,3896,beacon
93141,3896,beacon
93142,3897,beacon
93143,3898,beacon
93144,3898,beacon
10411,3900,GUC
93145,3901,beacon
93146,3902,beacon
93147,3902,beacon
93148,3904,beacon
93149,3904,beacon
93150,3904,beacon
93151,3906,beacon
93152,3906,beacon
93153,3908,beacon
93154,3909,beacon
80195,3909,SHB
93155,3911,beacon
93156,3913,beacon
93157,3919,beacon
93158,3920,beacon
10412,3921,GUC
93159,3922,beacon
93160,3923,beacon
93161,3924,beacon
93162,3927,beacon
60926,3927,GBC
10413,3930,GUC
93163,3931,beacon
93164,3932,beacon
93165,3933,beacon
93166,3934,beacon
93167,3934,beacon
93168,3934,beacon
93169,3934,beacon
93170,3935,beacon
10414,3936,GUC
93171,3937,beacon
93172,3937,beacon
93173,3937,beacon
93174,3937,beacon
93175,3939,beacon
80196,3941,SHB
93176,3946,beacon
93177,3947,beacon
93178,3948,beacon
60937,3949,GBC
41422,3952,TSB
93179,3954,beacon
93180,3956,beacon
93181,3958,beacon
93182,3959,beacon
93183,3960,beacon
93184,3960,beacon
93185,3960,beacon
93186,3960,beacon
93187,3960,beacon
93188,3963,beacon
93189,3963,beacon
93190,3964,beacon
93191,3965,beacon
10415,3965,GUC
20156,3965,LS Request
93192,3966,beacon
93193,3966,beacon
93194,3966,beacon
93195,3967,beacon
30012,3967,LS Reply
10416,3968,GUC
20169,3968,LS Request
93196,3969,beacon
30013,3969,LS Reply
93197,3970,beacon
93198,3970,beacon
93199,3970,beacon
93200,3972,beacon
20185,3978,LS Request
93201,3979,beacon
30014,3979,LS Reply
41432,3981,TSB
93202,3982,beacon
93203,3983,beacon
93204,3985,beacon
93205,3985,beacon
93206,3985,beacon
80197,3986,SHB
93207,3987,beacon
20196,3988,LS Request
93208,3988,beacon
93209,3988,beacon
93210,3989,beacon
93211,3989,beacon
30015,3989,LS Reply
93212,3990,beacon
93213,3990,beacon
93214,3990,beacon
93215,3990,beacon
93216,3990,beacon
93217,3991,beacon
93218,3994,beacon
93219,3994,beacon
93220,3995,beacon
93221,3996,beacon
93222,3996,beacon
93223,3999,beacon
80198,3999,SHB
93224,4000,beacon
10417,4000,GUC
93225,4003,beacon
10418,4004,GUC
93226,4005,beacon
93227,4006,beacon
93228,4007,beacon
41441,4010,TSB
93229,4011,beacon
93230,4012,beacon
93231,4012,beacon
60949,4012,GBC
93232,4013,beacon
93233,4013,beacon
93234,4013,beacon
93235,4014,beacon
93236,4017,beacon
93237,4017,beacon
10419,4017,GUC
93238,4018,beacon
93239,4018,beacon
10420,4018,GUC
93240,4019,beacon
93241,4020,beacon
93242,4020,beacon
93243,4020,beacon
93244,4021,beacon
93245,4021,beacon
10421,4021,GUC
20213,4021,LS Request
93246,4022,beacon
30016,4022,LS Reply
93247,4024,beacon
10422,4026,GUC
50695,4026,GAC
93248,4027,beacon
93249,4028,beacon
10423,4028,GUC
93250,4031,beacon
93251,4032,beacon
93252,4032,beacon
60953,4034,GBC
93253,4035,beacon
93254,4036,beacon
93255,4038,beacon
93256,4038,beacon
93257,4039,beacon
93258,4040,beacon
93259,4041,beacon
93260,4041,beacon
93261,4041,beacon
10424,4041,GUC
93262,4044,beacon
93263,4044,beacon
60971,4044,GBC
93264,4045,beacon
80199,4045,SHB
93265,4046,beacon
93266,4047,beacon
93267,4047,beacon
93268,4049,beacon
93269,4050,beacon
93270,4051,beacon
93271,4052,beacon
93272,4052,beacon
93273,4052,beacon
93274,4052,beacon
93275,4052,beacon
41454,4052,TSB
10425,4052,GUC
41455,4052,TSB
93276,4054,beacon
41467,4054,TSB
93277,4055,beacon
93278,4055,beacon
93279,4055,beacon
93280,4058,beacon
93281,4061,beacon
10426,4061,GUC
10427,4061,GUC
93282,4062,beacon
93283,4068,beacon
41474,4068,TSB
93284,4069,beacon
93285,4069,beacon
93286,4071,beacon
93287,4072,beacon
93288,4073,beacon
93289,4074,beacon
93290,4074,beacon
93291,4074,beacon
93292,4075,beacon
93293,4076,beacon
93294,4076,beacon
93295,4077,beacon
93296,4077,beacon
93297,4078,beacon
93298,4080,beacon
93299,4080,beacon
10428,4080,GUC
93300,4081,beacon
93301,4082,beacon
93302,4082,beacon
93303,4083,beacon
93304,4085,beacon
93305,4086,beacon
93306,4086,beacon
93307,4088,beacon
93308,4089,beacon
93309,4092,beacon
60981,4093,GBC
93310,4094,beacon
93311,4095,beacon
93312,4095,beacon
93313,4097,beacon
93314,4098,beacon
93315,4100,beacon
93316,4100,beacon
93317,4102,beacon
93318,4103,beacon
93319,4104,beacon
93320,4105,beacon
93321,4105,beacon
93322,4106,beacon
93323,4106,beacon
93324,4108,beacon
93325,4108,beacon
93326,4109,beacon
93327,4110,beacon
93328,4110,beacon
93329,4110,beacon
10429,4110,GUC
60992,4110,GBC
93330,4112,beacon
93331,4112,beacon
93332,4113,beacon
10430,4113,GUC
93333,4114,beacon
93334,4114,beacon
10431,4115,GUC
50698,4116,GAC
93335,4119,beacon
93336,4121,beacon
93337,4122,beacon
10432,4123,GUC
10433,4123,GUC
93338,4124,beacon
93339,4124,beacon
93340,4125,beacon
93341,4126,beacon
10434,4126,GUC
93342,4127,beacon
10435,4128,GUC
10436,4128,GUC
93343,4129,beacon
93344,4129,beacon
93345,4131,beacon
80200,4131,SHB
10437,4132,GUC
93346,4133,beacon
93347,4134,beacon
93348,4135,beacon
93349,4135,beacon
93350,4136,beacon
93351,4137,beacon
93352,4138,beacon
93353,4138,beacon
93354,4139,beacon
93355,4140,beacon
93356,4140,beacon
93357,4140,beacon
93358,4140,beacon
41479,4141,TSB
93359,4142,beacon
93360,4143,beacon
93361,4145,beacon
10438,4146,GUC
80201,4146,SHB
93362,4147,beacon
93363,4148,beacon
50704,4149,GAC
93364,4150,beacon
93365,4156,beacon
93366,4156,beacon
93367,4158,beacon
93368,4158,beacon
93369,4158,beacon
93370,4158,beacon
93371,4161,beacon
61003,4161,GBC
93372,4163,beacon
93373,4163,beacon
93374,4165,beacon
93375,4165,beacon
93376,4165,beacon
93377,4167,beacon
93378,4168,beacon
93379,4170,beacon
93380,4171,beacon
10439,4171,GUC
93381,4174,beacon
93382,4174,beacon
93383,4175,beacon
93384,4175,beacon
93385,4176,beacon
41483,4176,TSB
93386,4179,beacon
61014,4179,GBC
10440,4180,GUC
93387,4182,beacon
93388,4184,beacon
93389,4185,beacon
93390,4187,beacon
93391,4188,beacon
93392,4188,beacon
93393,4190,beacon
93394,4192,beacon
93395,4194,beacon
93396,4194,beacon
93397,4194,beacon
93398,4195,beacon
93399,4195,beacon
93400,4198,beacon
93401,4198,beacon
93402,4200,beacon
10441,4200,GUC
93403,4201,beacon
93404,4201,beacon
93405,4203,beacon
93406,4206,beacon
93407,4207,beacon
80202,4207,SHB
93408,4208,beacon
93409,4209,beacon
10442,4211,GUC
93410,4212,beacon
93411,4215,beacon
93412,4217,beacon
93413,4217,beacon
93414,4220,beacon
93415,4220,beacon
93416,4221,beacon
93417,4221,beacon
93418,4222,beacon
41494,4223,TSB
93419,4228,beacon
93420,4229,beacon
93421,4231,beacon
93422,4233,beacon
10443,4233,GUC
93423,4234,beacon
93424,4236,beacon
93425,4236,beacon
93426,4237,beacon
93427,4238,beacon
93428,4238,beacon
93429,4239,beacon
93430,4240,beacon
93431,4242,beacon
93432,4242,beacon
93433,4244,beacon
93434,4244,beacon
10444,4244,GUC
93435,4245,beacon
10445,4247,GUC
93436,4251,beacon
80203,4253,SHB
41500,4253,TSB
93437,4254,beacon
93438,4254,beacon
93439,4254,beacon
41501,4254,TSB
10446,4256,GUC
41507,4256,TSB
93440,4258,beacon
93441,4261,beacon
93442,4261,beacon
93443,4262,beacon
93444,4263,beacon
93445,4263,beacon
93446,4265,beacon
93447,4267,beacon
93448,4267,beacon
80204,4269,SHB
93449,4270,beacon
93450,4271,beacon
93451,4271,beacon
93452,4274,beacon
93453,4278,beacon
80205,4278,SHB
93454,4279,beacon
93455,4280,beacon
61018,4280,GBC
93456,4282,beacon
93457,4283,beacon
80206,4283,SHB
93458,4284,beacon
93459,4287,beacon
93460,4289,beacon
93461,4289,beacon
93462,4290,beacon
93463,4291,beacon
93464,4291,beacon
93465,4292,beacon
80207,4297,SHB
80208,4298,SHB
10447,4298,GUC
93466,4299,beacon
93467,4300,beacon
10448,4300,GUC
93468,4302,beacon
93469,4303,beacon
93470,4304,beacon
93471,4304,beacon
93472,4309,beacon
93473,4309,beacon
93474,4310,beacon
93475,4310,beacon
93476,4311,beacon
93477,4314,beacon
93478,4315,beacon
93479,4316,beacon
93480,4316,beacon
41515,4317,TSB
93481,4320,beacon
93482,4320,beacon
93483,4320,beacon
93484,4320,beacon
93485,4324,beacon
93486,4324,beacon
93487,4327,beacon
93488,4327,beacon
93489,4327,beacon
93490,4327,beacon
93491,4327,beacon
10449,4327,GUC
20232,4327,LS Request
61028,4328,GBC
30017,4328,LS Reply
93492,4329,beacon
93493,4330,beacon
41524,4331,TSB
93494,4333,beacon
93495,4338,beacon
80209,4338,SHB
93496,4340,beacon
93497,4340,beacon
93498,4341,beacon
93499,4342,beacon
61038,4342,GBC
93500,4343,beacon
10450,4343,GUC
93501,4344,beacon
93502,4344,beacon
93503,4345,beacon
50727,4345,GAC
93504,4346,beacon
93505,4347,beacon
93506,4347,beacon
93507,4348,beacon
93508,4350,beacon
93509,4350,beacon
93510,4350,beacon
93511,4351,beacon
93512,4351,beacon
93513,4353,beacon
93514,4354,beacon
93515,4354,beacon
93516,4355,beacon
93517,4356,beacon
10451,4358,GUC
93518,4360,beacon
93519,4360,beacon
93520,4362,beacon
10452,4362,GUC
93521,4363,beacon
93522,4363,beacon
93523,4364,beacon
93524,4365,beacon
93525,4365,beacon
93526,4366,beacon
41530,4367,TSB
41531,4367,TSB
93527,4368,beacon
93528,4369,beacon
61040,4369,GBC
61042,4370,GBC
93529,4371,beacon
10453,4372,GUC
93530,4375,beacon
93531,4376,beacon
93532,4376,beacon
93533,4376,beacon
93534,4377,beacon
93535,4377,beacon
10454,4378,GUC
93536,4379,beacon
93537,4379,beacon
50730,4379,GAC
93538,4380,beacon
93539,4380,beacon
93540,4380,beacon
93541,4380,beacon
93542,4381,beacon
93543,4382,beacon
93544,4384,beacon
93545,4385,beacon
10455,4385,GUC
93546,4387,beacon
93547,4387,beacon
93548,4388,beacon
93549,4389,beacon
10456,4389,GUC
93550,4392,beacon
93551,4393,beacon
93552,4393,beacon
93553,4394,beacon
93554,4394,beacon
93555,4395,beacon
93556,4397,beacon
93557,4398,beacon
93558,4399,beacon
93559,4401,beacon
93560,4402,beacon
61044,4402,GBC
10457,4404,GUC
93561,4405,beacon
93562,4406,beacon
93563,4407,beacon
93564,4407,beacon
10458,4407,GUC
41545,4407,TSB
93565,4408,beacon
10459,4409,GUC
93566,4410,beacon
93567,4411,beacon
10460,4411,GUC
93568,4412,beacon
93569,4412,beacon
10461,4412,GUC
93570,4413,beacon
93571,4414,beacon
61056,4414,GBC
93572,4416,beacon
93573,4417,beacon
93574,4417,beacon
93575,4417,beacon
10462,4417,GUC
93576,4418,beacon
93577,4420,beacon
93578,4420,beacon
50732,4420,GAC
93579,4422,beacon
10463,4422,GUC
93580,4423,beacon
93581,4423,beacon
50735,4423,GAC
10464,4425,GUC
93582,4426,beacon
93583,4426,beacon
93584,4427,beacon
93585,4429,beacon
93586,4430,beacon
93587,4430,beacon
41551,4431,TSB
93588,4433,beacon
93589,4434,beacon
10465,4434,GUC
93590,4435,beacon
93591,4436,beacon
93592,4437,beacon
93593,4439,beacon
93594,4439,beacon
93595,4440,beacon
93596,4441,beacon
10466,4441,GUC
93597,4442,beacon
93598,4443,beacon
93599,4444,beacon
10467,4444,GUC
93600,4445,beacon
41565,4447,TSB
93601,4448,beacon
93602,4448,beacon
93603,4448,beacon
93604,4449,beacon
41568,4449,TSB
93605,4451,beacon
93606,4451,beacon
93607,4454,beacon
93608,4454,beacon
93609,4455,beacon
10468,4456,GUC
93610,4457,beacon
93611,4457,beacon
93612,4458,beacon
93613,4458,beacon
93614,4460,beacon
93615,4460,beacon
10469,4462,GUC
93616,4465,beacon
93617,4465,beacon
10470,4465,GUC
93618,4466,beacon
93619,4466,beacon
93620,4466,beacon
93621,4466,beacon
93622,4467,beacon
93623,4467,beacon
10471,4467,GUC
93624,4468,beacon
93625,4468,beacon
41577,4468,TSB
93626,4469,beacon
10472,4469,GUC
10473,4470,GUC
93627,4473,beacon
61066,4473,GBC
93628,4475,beacon
93629,4476,beacon
93630,4476,beacon
10474,4477,GUC
93631,4479,beacon
93632,4480,beacon
93633,4480,beacon
93634,4481,beacon
93635,4482,beacon
10475,4482,GUC
41584,4482,TSB
10476,4483,GUC
93636,4484,beacon
93637,4485,beacon
93638,4486,beacon
93639,4486,beacon
41588,4486,TSB
93640,4488,beacon
93641,4488,beacon
93642,4489,beacon
93643,4490,beacon
93644,4491,beacon
93645,4491,beacon
93646,4492,beacon
93647,4492,beacon
10477,4492,GUC
93648,4493,beacon
93649,4493,beacon
93650,4495,beacon
93651,4496,beacon
93652,4497,beacon
10478,4497,GUC
93653,4499,beacon
93654,4500,beacon
93655,4500,beacon
93656,4503,beacon
93657,4504,beacon
93658,4505,beacon
50762,4506,GAC
93659,4507,beacon
93660,4507,beacon
93661,4507,beacon
41593,4508,TSB
93662,4510,beacon
93663,4511,beacon
93664,4511,beacon
93665,4512,beacon
93666,4512,beacon
93667,4513,beacon
93668,4514,beacon
93669,4514,beacon
93670,4515,beacon
93671,4516,beacon
93672,4516,beacon
93673,4519,beacon
93674,4520,beacon
93675,4520,beacon
93676,4523,beacon
93677,4524,beacon
93678,4526,beacon
10479,4526,GUC
10480,4528,GUC
80210,4528,SHB
41598,4528,TSB
93679,4529,beacon
93680,4529,beacon
93681,4530,beacon
93682,4531,beacon
93683,4531,beacon
93684,4531,beacon
93685,4532,beacon
10481,4532,GUC
93686,4534,beacon
93687,4535,beacon
93688,4537,beacon
93689,4537,beacon
93690,4537,beacon
93691,4538,beacon
41606,4538,TSB
93692,4540,beacon
93693,4540,beacon
93694,4541,beacon
93695,4541,beacon
93696,4542,beacon
41615,4543,TSB
93697,4545,beacon
93698,4546,beacon
93699,4546,beacon
93700,4547,beacon
10482,4547,GUC
61087,4547,GBC
80211,4548,SHB
93701,4549,beacon
10483,4549,GUC
93702,4550,beacon
10484,4550,GUC
93703,4552,beacon
93704,4552,beacon
93705,4553,beacon
50765,4553,GAC
93706,4555,beacon
93707,4556,beacon
93708,4556,beacon
10485,4557,GUC
93709,4559,beacon
93710,4560,beacon
93711,4561,beacon
93712,4561,beacon
93713,4562,beacon
93714,4564,beacon
93715,4565,beacon
93716,4565,beacon
93717,4566,beacon
93718,4566,beacon
10486,4568,GUC
93719,4570,beacon
93720,4570,beacon
93721,4571,beacon
93722,4572,beacon
80212,4572,SHB
93723,4573,beacon
93724,4573,beacon
50770,4573,GAC
10487,4574,GUC
93725,4575,beacon
93726,4575,beacon
93727,4577,beacon
93728,4579,beacon
93729,4579,beacon
93730,4579,beacon
10488,4579,GUC
80213,4579,SHB
10489,4579,GUC
93731,4581,beacon
93732,4581,beacon
93733,4581,beacon
93734,4582,beacon
93735,4582,beacon
93736,4584,beacon
93737,4586,beacon
93738,4587,beacon
93739,4588,beacon
93740,4588,beacon
93741,4589,beacon
93742,4591,beacon
93743,4595,beacon
93744,4596,beacon
10490,4596,GUC
93745,4597,beacon
93746,4597,beacon
93747,4597,beacon
93748,4599,beacon
93749,4599,beacon
93750,4602,beacon
93751,4603,beacon
80214,4604,SHB
93752,4605,beacon
93753,4605,beacon
93754,4606,beacon
93755,4608,beacon
93756,4608,beacon
93757,4608,beacon
41619,4608,TSB
80215,4608,SHB
93758,4610,beacon
93759,4610,beacon
93760,4610,beacon
93761,4611,beacon
93762,4611,beacon
10491,4612,GUC
93763,4615,beacon
93764,4616,beacon
10492,4619,GUC
93765,4620,beacon
93766,4620,beacon
10493,4620,GUC
93767,4623,beacon
93768,4624,beacon
93769,4624,beacon
10494,4624,GUC
93770,4626,beacon
93771,4628,beacon
93772,4630,beacon
93773,4630,beacon
93774,4631,beacon
93775,4631,beacon
93776,4632,beacon
93777,4632,beacon
93778,4632,beacon
41628,4632,TSB
93779,4634,beacon
10495,4635,GUC
93780,4636,beacon
93781,4636,beacon
93782,4637,beacon
93783,4640,beacon
93784,4641,beacon
93785,4641,beacon
80216,4641,SHB
93786,4643,beacon
93787,4643,beacon
93788,4645,beacon
93789,4645,beacon
93790,4646,beacon
10496,4646,GUC
93791,4648,beacon
93792,4649,beacon
93793,4651,beacon
93794,4652,beacon
93795,4654,beacon
80217,4654,SHB
93796,4655,beacon
80218,4655,SHB
93797,4656,beacon
93798,4656,beacon
93799,4657,beacon
93800,4658,beacon
10497,4660,GUC
93801,4661,beacon
50799,4661,GAC
93802,4662,beacon
93803,4664,beacon
93804,4665,beacon
93805,4665,beacon
93806,4666,beacon
80219,4668,SHB
93807,4669,beacon
10498,4670,GUC
80220,4671,SHB
80221,4671,SHB
93808,4672,beacon
93809,4672,beacon
93810,4673,beacon
93811,4676,beacon
93812,4677,beacon
93813,4677,beacon
61091,4677,GBC
93814,4678,beacon
93815,4678,beacon
93816,4679,beacon
93817,4680,beacon
93818,4680,beacon
93819,4680,beacon
93820,4680,beacon
93821,4682,beacon
93822,4683,beacon
93823,4683,beacon
93824,4684,beacon
93825,4685,beacon
80222,4686,SHB
93826,4687,beacon
93827,4689,beacon
93828,4690,beacon
93829,4690,beacon
93830,4693,beacon
93831,4694,beacon
61103,4695,GBC
10499,4699,GUC
93832,4701,beacon
93833,4702,beacon
93834,4702,beacon
93835,4702,beacon
93836,4702,beacon
93837,4702,beacon
93838,4703,beacon
93839,4704,beacon
80223,4704,SHB
93840,4705,beacon
41640,4705,TSB
93841,4706,beacon
93842,4706,beacon
93843,4706,beacon
93844,4706,beacon
93845,4708,beacon
93846,4708,beacon
80224,4708,SHB
93847,4710,beacon
93848,4710,beacon
93849,4710,beacon
93850,4710,beacon
61115,4710,GBC
41649,4711,TSB
93851,4713,beacon
93852,4714,beacon
93853,4714,beacon
93854,4714,beacon
93855,4714,beacon
93856,4715,beacon
93857,4715,beacon
80225,4716,SHB
93858,4718,beacon
93859,4719,beacon
93860,4722,beacon
93861,4726,beacon
61125,4726,GBC
93862,4727,beacon
93863,4727,beacon
10500,4727,GUC
93864,4728,beacon
93865,4728,beacon
93866,4731,beacon
93867,4732,beacon
41655,4732,TSB
80226,4733,SHB
93868,4734,beacon
93869,4734,beacon
41663,4734,TSB
93870,4736,beacon
93871,4737,beacon
93872,4738,beacon
93873,4738,beacon
80227,4738,SHB
93874,4740,beacon
93875,4740,beacon
93876,4740,beacon
10501,4740,GUC
93877,4741,beacon
93878,4741,beacon
93879,4742,beacon
93880,4742,beacon
93881,4742,beacon
10502,4742,GUC
93882,4743,beacon
93883,4743,beacon
93884,4744,beacon
93885,4744,beacon
93886,4744,beacon
10503,4745,GUC
61128,4745,GBC
41666,4746,TSB
93887,4748,beacon
80228,4748,SHB
93888,4749,beacon
93889,4749,beacon
93890,4750,beacon
93891,4751,beacon
80229,4753,SHB
61140,4753,GBC
80230,4755,SHB
41669,4755,TSB
93892,4756,beacon
93893,4757,beacon
41673,4757,TSB
93894,4759,beacon
93895,4759,beacon
93896,4759,beacon
93897,4761,beacon
93898,4761,beacon
93899,4762,beacon
93900,4762,beacon
41681,4763,TSB
10504,4764,GUC
93901,4765,beacon
10505,4765,GUC
93902,4766,beacon
93903,4766,beacon
93904,4766,beacon
93905,4766,beacon
93906,4767,beacon
80231,4767,SHB
93907,4768,beacon
80232,4769,SHB
93908,4771,beacon
80233,4772,SHB
93909,4773,beacon
93910,4773,beacon
93911,4775,beacon
93912,4776,beacon
93913,4776,beacon
93914,4776,beacon
80234,4776,SHB
10506,4776,GUC
10507,4776,GUC
93915,4778,beacon
93916,4779,beacon
93917,4779,beacon
93918,4780,beacon
10508,4783,GUC
93919,4784,beacon
93920,4785,beacon
93921,4786,beacon
93922,4786,beacon
93923,4787,beacon
50804,4787,GAC
10509,4787,GUC
93924,4791,beacon
93925,4791,beacon
93926,4791,beacon
80235,4791,SHB
93927,4792,beacon
93928,4793,beacon
93929,4793,beacon
80236,4793,SHB
93930,4795,beacon
10510,4796,GUC
93931,4799,beacon
10511,4799,GUC
61144,4800,GBC
93932,4801,beacon
93933,4801,beacon
93934,4802,beacon
10512,4803,GUC
93935,4804,beacon
93936,4804,beacon
93937,4804,beacon
93938,4804,beacon
93939,4804,beacon
10513,4804,GUC
10514,4804,GUC
10515,4804,GUC
80237,4804,SHB
93940,4807,beacon
93941,4807,beacon
93942,4807,beacon
93943,4808,beacon
93944,4809,beacon
93945,4815,beacon
93946,4817,beacon
93947,4818,beacon
93948,4818,beacon
93949,4819,beacon
93950,4819,beacon
80238,4821,SHB
93951,4822,beacon
93952,4822,beacon
93953,4824,beacon
93954,4824,beacon
93955,4825,beacon
93956,4826,beacon
93957,4827,beacon
93958,4830,beacon
93959,4832,beacon
93960,4832,beacon
50808,4832,GAC
93961,4833,beacon
93962,4833,beacon
93963,4833,beacon
93964,4835,beacon
93965,4836,beacon
10516,4839,GUC
93966,4840,beacon
93967,4841,beacon
10517,4841,GUC
93968,4842,beacon
93969,4842,beacon
93970,4842,beacon
93971,4843,beacon
93972,4844,beacon
93973,4846,beacon
10518,4846,GUC
50812,4851,GAC
93974,4852,beacon
93975,4853,beacon
93976,4854,beacon
93977,4856,beacon
93978,4857,beacon
93979,4858,beacon
93980,4859,beacon
93981,4859,beacon
93982,4859,beacon
93983,4860,beacon
93984,4860,beacon
93985,4860,beacon
93986,4861,beacon
93987,4861,beacon
41694,4861,TSB
10519,4863,GUC
93988,4865,beacon
93989,4865,beacon
93990,4865,beacon
10520,4865,GUC
93991,4866,beacon
10521,4866,GUC
93992,4867,beacon
93993,4868,beacon
61155,4868,GBC
93994,4871,beacon
93995,4872,beacon
93996,4874,beacon
93997,4875,beacon
93998,4875,beacon
93999,4875,beacon
50815,4876,GAC
94000,4879,beacon
94001,4882,beacon
94002,4882,beacon
94003,4883,beacon
94004,4884,beacon
94005,4884,beacon
94006,4885,beacon
94007,4889,beacon
94008,4889,beacon
94009,4889,beacon
94010,4890,beacon
94011,4891,beacon
94012,4891,beacon
10522,4891,GUC
94013,4892,beacon
94014,4895,beacon
94015,4895,beacon
94016,4899,beacon
94017,4899,beacon
94018,4899,beacon
94019,4900,beacon
94020,4900,beacon
94021,4900,beacon
94022,4901,beacon
94023,4903,beacon
94024,4904,beacon
41701,4904,TSB
94025,4911,beacon
94026,4912,beacon
41711,4912,TSB
94027,4913,beacon
94028,4913,beacon
94029,4913,beacon
94030,4913,beacon
94031,4914,beacon
94032,4915,beacon
10523,4915,GUC
80239,4915,SHB
94033,4916,beacon
94034,4916,beacon
10524,4918,GUC
94035,4919,beacon
50841,4919,GAC
94036,4920,beacon
94037,4920,beacon
80240,4921,SHB
94038,4922,beacon
94039,4924,beacon
94040,4924,beacon
61167,4924,GBC
94041,4925,beacon
94042,4925,beacon
94043,4926,beacon
94044,4927,beacon
94045,4928,beacon
94046,4928,beacon
94047,4931,beacon
50867,4931,GAC
94048,4937,beacon
94049,4937,beacon
94050,4938,beacon
10525,4938,GUC
94051,4939,beacon
94052,4939,beacon
10526,4940,GUC
94053,4941,beacon
94054,4943,beacon
94055,4943,beacon
94056,4944,beacon
94057,4944,beacon
94058,4944,beacon
94059,4944,beacon
94060,4947,beacon
94061,4948,beacon
94062,4949,beacon
10527,4949,GUC
41718,4950,TSB
94063,4951,beacon
10528,4951,GUC
94064,4953,beacon
41724,4953,TSB
94065,4954,beacon
94066,4954,beacon
94067,4955,beacon
94068,4955,beacon
80241,4956,SHB
80242,4959,SHB
94069,4960,beacon
94070,4960,beacon
94071,4961,beacon
10529,4961,GUC
80243,4962,SHB
10530,4963,GUC
10531,4963,GUC
94072,4968,beacon
94073,4969,beacon
94074,4969,beacon
94075,4969,beacon
94076,4971,beacon
94077,4971,beacon
94078,4972,beacon
94079,4973,beacon
41728,4973,TSB
10532,4975,GUC
94080,4976,beacon
94081,4976,beacon
94082,4977,beacon
10533,4977,GUC
94083,4979,beacon
94084,4979,beacon
94085,4980,beacon
94086,4981,beacon
94087,4982,beacon
94088,4986,beacon
94089,4988,beacon
94090,4989,beacon
94091,4989,beacon
94092,4991,beacon
94093,4992,beacon
94094,4995,beacon
94095,4995,beacon
94096,4996,beacon
94097,4998,beacon
90001,0,beacon
90002,0,beacon
90003,0,beacon
90004,0,beacon
90005,10,beacon
10001,11,GUC
20001,11,LS Request
80001,11,SHB
30001,13,LS Reply
90006,25,beacon
90007,25,beacon
90008,29,beacon
90009,30,beacon
90010,30,beacon
90011,30,beacon
90012,34,beacon
90013,38,beacon
90014,40,beacon
90015,50,beacon
90016,55,beacon
90017,56,beacon
90018,57,beacon
90019,59,beacon
90020,60,beacon
90021,60,beacon
90022,60,beacon
90023,60,beacon
90024,63,beacon
10002,64,GUC
90025,65,beacon
90026,66,beacon
90027,74,beacon
90028,84,beacon
90029,85,beacon
90030,85,beacon
90031,87,beacon
90032,87,beacon
10003,87,GUC
10004,88,GUC
90033,89,beacon
90034,90,beacon
90035,91,beacon
90036,91,beacon
80002,91,SHB
90037,94,beacon
40001,97,TSB
90038,99,beacon
80003,99,SHB
10005,100,GUC
10006,101,GUC
